"date","id","important","logical","participantRSA","recommendable","session"
"Mon, 02 Apr 2018 22:54:21 -0500",1624,5,3,"1624",2,"PRE"
"Mon, 03 Apr 2017 10:35:17 -0500",1166,3,2,"1166",2,"PRE"
"Mon, 03 Apr 2017 15:17:02 -0500",1167,2,1,"1167",3,"PRE"
"Wed, 04 Apr 2018 16:25:19 -0500",1625,5,1,"1625",2,"PRE"
"Wed, 05 Apr 2017 14:08:33 -0500",1168,5,0,"1168",0,"PRE"
"Wed, 05 Apr 2017 20:48:20 -0500",1169,3,1,"1169",2,"PRE"
"Thu, 05 Apr 2018 00:40:42 -0500",1626,2,1,"1626",2,"PRE"
"Thu, 05 Apr 2018 14:43:47 -0500",1627,5,1,"1627",1,"PRE"
"Thu, 06 Apr 2017 11:39:30 -0500",1171,5,2,"1171",2,"PRE"
"Sat, 08 Apr 2017 10:00:04 -0500",1172,5,2,"1172",1,"PRE"
"Sun, 08 Apr 2018 19:05:24 -0500",1629,5,0,"1629",1,"PRE"
"Sun, 09 Apr 2017 18:33:23 -0500",1173,3,2,"1173",2,"PRE"
"Sun, 08 Apr 2018 23:58:22 -0500",1630,3,3,"1630",2,"PRE"
"Mon, 09 Apr 2018 18:43:58 -0500",1632,1,2,"1632",2,"PRE"
"Mon, 10 Apr 2017 16:22:16 -0500",1174,3,2,"1174",2,"PRE"
"Mon, 10 Apr 2017 17:37:26 -0500",1175,2,1,"1175",1,"PRE"
"Tue, 10 Apr 2018 07:32:08 -0500",1633,2,1,"1633",2,"PRE"
"Tue, 10 Apr 2018 13:16:14 -0500",1634,2,2,"1634",2,"PRE"
"Tue, 11 Apr 2017 15:49:20 -0500",1176,5,5,"1176",5,"PRE"
"Wed, 11 Apr 2018 09:25:13 -0500",1636,5,1,"1636",1,"PRE"
"Wed, 12 Apr 2017 13:45:45 -0500",1177,3,3,"1177",3,"PRE"
"Wed, 12 Apr 2017 15:23:46 -0500",1178,5,2,"1178",2,"PRE"
"Thu, 12 Apr 2018 07:20:36 -0500",1637,3,2,"1637",2,"PRE"
"Thu, 12 Apr 2018 10:10:24 -0500",1638,3,1,"1638",2,"PRE"
"Thu, 12 Apr 2018 14:09:37 -0500",1639,5,1,"1639",2,"PRE"
"Thu, 13 Apr 2017 19:21:50 -0500",1179,3,3,"1179",3,"PRE"
"Thu, 13 Apr 2017 21:38:30 -0500",1180,3,2,"1180",2,"PRE"
"Fri, 13 Apr 2018 23:54:10 -0500",1642,5,0,"1642",0,"PRE"
"Sat, 15 Apr 2017 07:56:17 -0500",1181,5,2,"1181",2,"PRE"
"Sun, 15 Apr 2018 19:06:59 -0500",1643,5,2,"1643",3,"PRE"
"Sat, 15 Apr 2017 23:55:18 -0500",1182,2,3,"1182",3,"PRE"
"Mon, 16 Apr 2018 05:35:15 -0500",1644,3,1,"1644",2,"PRE"
"Mon, 16 Apr 2018 11:19:12 -0500",1645,5,3,"1645",3,"PRE"
"Mon, 17 Apr 2017 08:44:57 -0500",1184,5,2,"1184",2,"PRE"
"Mon, 17 Apr 2017 11:59:57 -0500",1185,3,2,"1185",1,"PRE"
"Mon, 17 Apr 2017 17:31:54 -0500",1186,5,2,"1186",2,"PRE"
"Tue, 17 Apr 2018 17:46:39 -0500",1646,5,5,"1646",5,"PRE"
"Wed, 18 Apr 2018 08:25:36 -0500",1647,5,2,"1647",2,"PRE"
"Wed, 18 Apr 2018 08:37:34 -0500",1648,5,3,"1648",3,"PRE"
"Wed, 18 Apr 2018 19:01:50 -0500",1649,5,2,"1649",2,"PRE"
"Wed, 19 Apr 2017 00:14:50 -0500",1188,5,2,"1188",2,"PRE"
"Wed, 19 Apr 2017 10:11:49 -0500",1189,2,1,"1189",2,"PRE"
"Thu, 19 Apr 2018 07:58:10 -0500",1650,2,1,"1650",2,"PRE"
"Thu, 19 Apr 2018 22:02:03 -0500",1651,5,1,"1651",1,"PRE"
"Thu, 20 Apr 2017 08:57:06 -0500",1190,3,2,"1190",3,"PRE"
"Sat, 21 Apr 2018 08:06:02 -0500",1652,5,1,"1652",1,"PRE"
"Sat, 21 Apr 2018 14:54:34 -0500",1653,5,3,"1653",2,"PRE"
"Sun, 22 Apr 2018 17:50:45 -0500",1654,5,3,"1654",2,"PRE"
"Mon, 23 Apr 2018 14:40:24 -0500",1657,5,2,"1657",2,"PRE"
"Mon, 23 Apr 2018 22:31:20 -0500",1656,5,0,"1656",1,"PRE"
"Tue, 24 Apr 2018 22:39:40 -0500",1658,3,1,"1658",2,"PRE"
"Thu, 26 Apr 2018 21:37:44 -0500",1660,5,2,"1660",2,"PRE"
"Sun, 30 Apr 2017 13:29:07 -0500",1192,3,0,"1192",0,"PRE"
"Mon, 30 Apr 2018 14:23:29 -0500",1662,5,2,"1662",2,"PRE"
"Mon, 30 Apr 2018 16:11:40 -0500",1655,2,2,"1655",2,"PRE"
"Mon, 01 Aug 2016 15:08:49 -0500",528,5,2,"528",2,"PRE"
"Mon, 01 Aug 2016 15:36:18 -0500",529,3,1,"529",2,"PRE"
"Tue, 01 Aug 2017 10:08:04 -0500",1269,5,2,"1269",2,"PRE"
"Tue, 01 Aug 2017 11:37:06 -0500",1303,5,1,"1303",1,"PRE"
"Tue, 01 Aug 2017 15:08:34 -0500",1304,3,0,"1304",0,"PRE"
"Tue, 01 Aug 2017 16:11:34 -0500",1305,2,3,"1305",3,"PRE"
"Tue, 01 Aug 2017 19:01:37 -0500",1306,5,3,"1306",3,"PRE"
"Wed, 01 Aug 2018 21:15:52 -0500",1743,5,2,"1743",1,"PRE"
"Tue, 02 Aug 2016 10:37:00 -0500",531,3,2,"531",2,"PRE"
"Tue, 02 Aug 2016 15:02:55 -0500",532,5,2,"532",2,"PRE"
"Tue, 02 Aug 2016 15:05:42 -0500",533,5,1,"533",1,"PRE"
"Tue, 01 Aug 2017 23:02:55 -0500",1307,5,2,"1307",2,"PRE"
"Tue, 01 Aug 2017 23:23:17 -0500",1308,3,1,"1308",2,"PRE"
"Wed, 02 Aug 2017 12:06:35 -0500",1310,3,2,"1310",3,"PRE"
"Wed, 02 Aug 2017 12:16:59 -0500",1311,2,2,"1311",2,"PRE"
"Wed, 02 Aug 2017 16:21:29 -0500",1312,5,1,"1312",2,"PRE"
"Thu, 02 Aug 2018 20:25:23 -0500",1744,5,2,"1744",2,"PRE"
"Thu, 03 Aug 2017 08:05:33 -0500",1313,3,3,"1313",5,"PRE"
"Thu, 03 Aug 2017 08:36:41 -0500",1314,5,2,"1314",3,"PRE"
"Fri, 03 Aug 2018 12:52:18 -0500",1745,3,1,"1745",1,"PRE"
"Thu, 04 Aug 2016 14:59:08 -0500",537,3,1,"537",1,"PRE"
"Fri, 04 Aug 2017 07:36:50 -0500",1315,5,2,"1315",2,"PRE"
"Fri, 04 Aug 2017 13:45:43 -0500",1316,5,5,"1316",5,"PRE"
"Sat, 05 Aug 2017 08:59:49 -0500",1317,5,3,"1317",3,"PRE"
"Sun, 06 Aug 2017 08:58:01 -0500",1318,3,2,"1318",2,"PRE"
"Sun, 06 Aug 2017 19:59:43 -0500",1319,5,1,"1319",1,"PRE"
"Mon, 06 Aug 2018 15:46:26 -0500",1746,1,1,"1746",1,"PRE"
"Mon, 07 Aug 2017 08:01:21 -0500",1320,5,1,"1320",1,"PRE"
"Mon, 07 Aug 2017 16:47:52 -0500",1321,5,2,"1321",2,"PRE"
"Tue, 07 Aug 2018 18:35:22 -0500",1747,1,0,"1747",0,"PRE"
"Sun, 07 Aug 2016 23:34:05 -0500",539,3,1,"539",1,"PRE"
"Wed, 09 Aug 2017 11:23:56 -0500",1322,3,2,"1322",3,"PRE"
"Thu, 09 Aug 2018 12:18:23 -0500",1748,3,2,"1748",3,"PRE"
"Thu, 09 Aug 2018 20:19:08 -0500",1749,2,1,"1749",1,"PRE"
"Thu, 10 Aug 2017 09:22:47 -0500",1323,5,2,"1323",1,"PRE"
"Thu, 10 Aug 2017 10:39:49 -0500",1324,3,3,"1324",2,"PRE"
"Sat, 11 Aug 2018 11:34:25 -0500",1751,5,2,"1751",2,"PRE"
"Fri, 12 Aug 2016 01:33:56 -0500",541,5,3,"541",2,"PRE"
"Fri, 12 Aug 2016 16:03:23 -0500",542,3,1,"542",1,"PRE"
"Sat, 13 Aug 2016 02:33:27 -0500",543,5,1,"543",1,"PRE"
"Sat, 13 Aug 2016 07:24:52 -0500",544,5,2,"544",2,"PRE"
"Sat, 13 Aug 2016 13:15:31 -0500",545,3,1,"545",2,"PRE"
"Sat, 13 Aug 2016 14:23:14 -0500",546,2,1,"546",1,"PRE"
"Sun, 14 Aug 2016 19:34:18 -0500",547,3,2,"547",2,"PRE"
"Wed, 15 Aug 2018 13:18:36 -0500",1752,5,1,"1752",1,"PRE"
"Wed, 15 Aug 2018 15:39:56 -0500",1754,5,2,"1754",2,"PRE"
"Tue, 16 Aug 2016 15:49:45 -0500",548,5,2,"548",2,"PRE"
"Tue, 16 Aug 2016 21:25:05 -0500",549,5,2,"549",2,"PRE"
"Thu, 16 Aug 2018 17:28:24 -0500",1756,5,2,"1756",2,"PRE"
"Thu, 17 Aug 2017 15:42:10 -0500",1325,3,2,"1325",2,"PRE"
"Fri, 17 Aug 2018 11:26:33 -0500",1758,2,1,"1758",1,"PRE"
"Fri, 19 Aug 2016 23:14:29 -0500",550,5,2,"550",2,"PRE"
"Mon, 20 Aug 2018 18:35:59 -0500",1759,5,2,"1759",3,"PRE"
"Mon, 21 Aug 2017 14:37:01 -0500",1326,5,1,"1326",1,"PRE"
"Tue, 21 Aug 2018 10:07:40 -0500",1760,5,1,"1760",2,"PRE"
"Tue, 21 Aug 2018 13:13:03 -0500",1761,5,1,"1761",2,"PRE"
"Mon, 22 Aug 2016 21:20:29 -0500",551,3,1,"551",1,"PRE"
"Tue, 22 Aug 2017 08:17:31 -0500",1327,5,2,"1327",3,"PRE"
"Wed, 22 Aug 2018 13:52:06 -0500",1762,5,2,"1762",2,"PRE"
"Wed, 22 Aug 2018 15:34:45 -0500",1763,5,2,"1763",3,"PRE"
"Tue, 23 Aug 2016 10:47:28 -0500",552,5,2,"552",2,"PRE"
"Tue, 23 Aug 2016 15:28:01 -0500",553,5,2,"553",2,"PRE"
"Tue, 23 Aug 2016 17:33:43 -0500",555,5,2,"555",2,"PRE"
"Tue, 23 Aug 2016 19:33:45 -0500",557,5,2,"557",2,"PRE"
"Tue, 23 Aug 2016 19:37:11 -0500",558,3,2,"558",2,"PRE"
"Wed, 23 Aug 2017 12:45:20 -0500",1328,5,1,"1328",1,"PRE"
"Thu, 23 Aug 2018 01:05:07 -0500",1764,5,0,"1764",0,"PRE"
"Thu, 23 Aug 2018 15:09:20 -0500",1766,5,2,"1766",2,"PRE"
"Thu, 23 Aug 2018 20:39:21 -0500",1765,3,1,"1765",2,"PRE"
"Tue, 23 Aug 2016 22:58:38 -0500",561,2,0,"561",1,"PRE"
"Wed, 24 Aug 2016 00:53:24 -0500",562,3,1,"562",2,"PRE"
"Wed, 24 Aug 2016 01:00:01 -0500",563,5,1,"563",1,"PRE"
"Wed, 24 Aug 2016 02:07:53 -0500",564,3,2,"564",2,"PRE"
"Wed, 24 Aug 2016 08:02:10 -0500",566,2,3,"566",3,"PRE"
"Wed, 24 Aug 2016 08:52:45 -0500",567,2,2,"567",2,"PRE"
"Wed, 24 Aug 2016 09:37:59 -0500",569,3,2,"569",2,"PRE"
"Wed, 24 Aug 2016 09:49:41 -0500",570,5,2,"570",2,"PRE"
"Wed, 24 Aug 2016 09:50:36 -0500",571,2,2,"571",2,"PRE"
"Wed, 24 Aug 2016 09:54:40 -0500",572,5,2,"572",2,"PRE"
"Wed, 24 Aug 2016 11:08:10 -0500",574,5,0,"574",2,"PRE"
"Wed, 24 Aug 2016 11:23:34 -0500",575,5,2,"575",3,"PRE"
"Wed, 24 Aug 2016 12:33:57 -0500",576,3,1,"576",1,"PRE"
"Wed, 24 Aug 2016 13:09:08 -0500",579,5,2,"579",2,"PRE"
"Wed, 24 Aug 2016 13:14:57 -0500",580,2,1,"580",1,"PRE"
"Wed, 24 Aug 2016 13:17:26 -0500",581,5,2,"581",3,"PRE"
"Wed, 24 Aug 2016 13:28:27 -0500",582,5,2,"582",2,"PRE"
"Wed, 24 Aug 2016 14:36:29 -0500",583,2,2,"583",2,"PRE"
"Wed, 24 Aug 2016 15:21:56 -0500",585,3,2,"585",2,"PRE"
"Wed, 24 Aug 2016 15:35:24 -0500",586,3,0,"586",1,"PRE"
"Wed, 24 Aug 2016 18:10:39 -0500",565,5,2,"565",2,"PRE"
"Wed, 24 Aug 2016 18:26:20 -0500",584,5,2,"584",2,"PRE"
"Wed, 24 Aug 2016 18:34:56 -0500",587,3,2,"587",2,"PRE"
"Wed, 24 Aug 2016 21:35:13 -0500",577,2,2,"577",3,"PRE"
"Thu, 24 Aug 2017 15:56:56 -0500",1329,3,1,"1329",2,"PRE"
"Thu, 25 Aug 2016 11:48:09 -0500",589,5,2,"589",1,"PRE"
"Thu, 25 Aug 2016 12:09:46 -0500",590,5,2,"590",2,"PRE"
"Thu, 25 Aug 2016 12:32:26 -0500",592,2,2,"592",2,"PRE"
"Thu, 25 Aug 2016 12:37:06 -0500",591,5,3,"591",3,"PRE"
"Sat, 25 Aug 2018 10:29:41 -0500",1768,5,0,"1768",1,"PRE"
"Sat, 25 Aug 2018 22:27:15 -0500",1769,5,2,"1769",2,"PRE"
"Fri, 26 Aug 2016 00:24:25 -0500",593,3,1,"593",1,"PRE"
"Fri, 26 Aug 2016 00:32:31 -0500",594,2,3,"594",2,"PRE"
"Fri, 26 Aug 2016 06:27:50 -0500",595,5,0,"595",1,"PRE"
"Fri, 26 Aug 2016 08:02:09 -0500",596,2,2,"596",1,"PRE"
"Sat, 26 Aug 2017 12:47:22 -0500",1330,3,2,"1330",2,"PRE"
"Sun, 26 Aug 2018 20:13:22 -0500",1770,5,1,"1770",1,"PRE"
"Sat, 27 Aug 2016 14:25:36 -0500",597,5,2,"597",2,"PRE"
"Sun, 27 Aug 2017 07:15:01 -0500",1331,5,1,"1331",1,"PRE"
"Mon, 27 Aug 2018 12:36:38 -0500",1771,3,0,"1771",0,"PRE"
"Mon, 27 Aug 2018 13:22:02 -0500",1772,5,2,"1772",2,"PRE"
"Sun, 28 Aug 2016 01:03:31 -0500",599,5,2,"599",2,"PRE"
"Sun, 28 Aug 2016 21:39:51 -0500",598,5,2,"598",2,"PRE"
"Mon, 28 Aug 2017 08:24:08 -0500",1332,3,1,"1332",1,"PRE"
"Mon, 27 Aug 2018 23:46:40 -0500",1774,3,2,"1774",2,"PRE"
"Tue, 28 Aug 2018 12:45:15 -0500",1773,5,3,"1773",3,"PRE"
"Mon, 29 Aug 2016 06:26:35 -0500",600,5,2,"600",2,"PRE"
"Mon, 29 Aug 2016 20:51:28 -0500",603,3,1,"603",1,"PRE"
"Wed, 29 Aug 2018 00:29:28 -0500",1776,5,2,"1776",2,"PRE"
"Wed, 29 Aug 2018 08:32:37 -0500",1777,5,3,"1777",3,"PRE"
"Wed, 29 Aug 2018 20:17:45 -0500",1779,5,1,"1779",2,"PRE"
"Wed, 29 Aug 2018 21:43:42 -0500",1780,5,1,"1780",1,"PRE"
"Tue, 30 Aug 2016 00:48:45 -0500",604,5,2,"604",2,"PRE"
"Tue, 30 Aug 2016 09:38:54 -0500",605,3,2,"605",2,"PRE"
"Tue, 30 Aug 2016 17:39:15 -0500",606,5,2,"606",2,"PRE"
"Wed, 30 Aug 2017 14:22:00 -0500",1333,5,2,"1333",3,"PRE"
"Thu, 30 Aug 2018 06:17:32 -0500",1781,5,3,"1781",5,"PRE"
"Thu, 30 Aug 2018 12:10:21 -0500",1782,5,2,"1782",2,"PRE"
"Thu, 30 Aug 2018 12:16:39 -0500",1784,5,3,"1784",3,"PRE"
"Thu, 30 Aug 2018 12:18:01 -0500",1785,5,2,"1785",2,"PRE"
"Thu, 30 Aug 2018 12:26:43 -0500",1786,5,0,"1786",0,"PRE"
"Thu, 30 Aug 2018 14:43:20 -0500",1787,5,2,"1787",2,"PRE"
"Thu, 30 Aug 2018 17:19:06 -0500",1789,5,2,"1789",3,"PRE"
"Thu, 30 Aug 2018 19:54:14 -0500",1790,5,1,"1790",1,"PRE"
"Thu, 30 Aug 2018 20:17:13 -0500",1791,5,2,"1791",2,"PRE"
"Thu, 30 Aug 2018 21:34:03 -0500",1792,3,2,"1792",2,"PRE"
"Thu, 30 Aug 2018 21:39:50 -0500",1793,5,5,"1793",5,"PRE"
"Wed, 31 Aug 2016 19:36:01 -0500",607,5,3,"607",5,"PRE"
"Fri, 31 Aug 2018 04:24:13 -0500",1794,5,2,"1794",2,"PRE"
"Fri, 31 Aug 2018 07:54:59 -0500",1795,3,1,"1795",2,"PRE"
"Fri, 31 Aug 2018 10:13:06 -0500",1796,5,1,"1796",1,"PRE"
"Fri, 31 Aug 2018 17:50:40 -0500",1798,3,1,"1798",2,"PRE"
"Fri, 31 Aug 2018 20:50:37 -0500",1799,3,1,"1799",2,"PRE"
"Thu, 01 Dec 2016 03:00:50 -0500",1034,5,1,"1034",3,"PRE"
"Thu, 01 Dec 2016 18:02:56 -0500",1035,5,2,"1035",2,"PRE"
"Thu, 01 Dec 2016 23:00:22 -0500",1036,2,2,"1036",2,"PRE"
"Fri, 02 Dec 2016 08:45:38 -0500",1037,3,0,"1037",1,"PRE"
"Fri, 02 Dec 2016 19:04:30 -0500",1039,5,2,"1039",2,"PRE"
"Sun, 02 Dec 2018 15:01:44 -0500",1934,5,1,"1934",1,"PRE"
"Sun, 02 Dec 2018 16:30:17 -0500",1935,5,2,"1935",1,"PRE"
"Sun, 03 Dec 2017 17:03:39 -0500",1439,5,2,"1439",3,"PRE"
"Sun, 04 Dec 2016 08:55:20 -0500",987,3,2,"987",2,"PRE"
"Sun, 04 Dec 2016 17:49:30 -0500",1041,5,1,"1041",1,"PRE"
"Sun, 04 Dec 2016 21:02:08 -0500",1040,5,0,"1040",1,"PRE"
"Mon, 04 Dec 2017 13:20:32 -0500",1440,3,1,"1440",1,"PRE"
"Mon, 04 Dec 2017 14:56:21 -0500",1441,5,1,"1441",1,"PRE"
"Mon, 04 Dec 2017 15:04:34 -0500",1442,3,2,"1442",2,"PRE"
"Mon, 05 Dec 2016 07:37:16 -0500",1042,2,2,"1042",2,"PRE"
"Tue, 05 Dec 2017 13:36:19 -0500",1443,3,1,"1443",1,"PRE"
"Tue, 05 Dec 2017 22:14:04 -0500",1444,5,2,"1444",3,"PRE"
"Wed, 05 Dec 2018 02:11:45 -0500",1938,5,1,"1938",1,"PRE"
"Wed, 05 Dec 2018 20:31:11 -0500",1940,5,2,"1940",2,"PRE"
"Tue, 06 Dec 2016 02:39:27 -0500",1043,2,3,"1043",2,"PRE"
"Tue, 06 Dec 2016 20:56:22 -0500",1044,5,2,"1044",3,"PRE"
"Thu, 06 Dec 2018 20:22:07 -0500",1939,5,3,"1939",3,"PRE"
"Thu, 06 Dec 2018 22:15:59 -0500",1941,3,2,"1941",1,"PRE"
"Thu, 06 Dec 2018 23:34:24 -0500",1942,3,2,"1942",2,"PRE"
"Thu, 07 Dec 2017 09:26:22 -0500",1445,5,3,"1445",3,"PRE"
"Fri, 08 Dec 2017 18:19:29 -0500",1446,5,2,"1446",2,"PRE"
"Fri, 09 Dec 2016 09:13:57 -0500",1045,3,2,"1045",2,"PRE"
"Sun, 09 Dec 2018 15:13:20 -0500",1943,3,1,"1943",2,"PRE"
"Sat, 10 Dec 2016 14:07:39 -0500",1046,5,2,"1046",2,"PRE"
"Sat, 10 Dec 2016 16:22:46 -0500",1047,3,1,"1047",2,"PRE"
"Mon, 10 Dec 2018 06:49:46 -0500",1944,5,1,"1944",1,"PRE"
"Mon, 10 Dec 2018 18:24:04 -0500",1945,5,2,"1945",3,"PRE"
"Mon, 10 Dec 2018 21:23:47 -0500",1946,5,2,"1946",3,"PRE"
"Sun, 11 Dec 2016 22:16:16 -0500",1048,5,3,"1048",5,"PRE"
"Mon, 11 Dec 2017 14:55:54 -0500",1448,5,2,"1448",3,"PRE"
"Tue, 11 Dec 2018 13:50:38 -0500",1947,5,2,"1947",3,"PRE"
"Tue, 11 Dec 2018 14:45:37 -0500",1948,3,2,"1948",2,"PRE"
"Mon, 12 Dec 2016 13:40:22 -0500",1049,3,1,"1049",1,"PRE"
"Tue, 12 Dec 2017 06:24:46 -0500",1449,2,0,"1449",2,"PRE"
"Tue, 12 Dec 2017 09:03:30 -0500",1450,2,2,"1450",1,"PRE"
"Wed, 13 Dec 2017 13:07:58 -0500",1451,5,2,"1451",2,"PRE"
"Fri, 15 Dec 2017 13:30:11 -0500",1453,5,2,"1453",2,"PRE"
"Fri, 15 Dec 2017 16:38:00 -0500",1452,3,1,"1452",2,"PRE"
"Sat, 16 Dec 2017 07:57:32 -0500",1454,5,1,"1454",1,"PRE"
"Mon, 17 Dec 2018 02:29:04 -0500",1951,3,2,"1951",2,"PRE"
"Sun, 18 Dec 2016 15:55:30 -0500",1051,5,5,"1051",5,"PRE"
"Mon, 18 Dec 2017 10:36:06 -0500",1455,5,2,"1455",2,"PRE"
"Tue, 18 Dec 2018 13:07:57 -0500",1953,5,1,"1953",2,"PRE"
"Mon, 19 Dec 2016 09:58:48 -0500",1052,3,2,"1052",2,"PRE"
"Mon, 19 Dec 2016 13:48:08 -0500",1053,5,2,"1053",3,"PRE"
"Wed, 21 Dec 2016 02:43:09 -0500",1054,3,0,"1054",1,"PRE"
"Wed, 21 Dec 2016 23:32:18 -0500",1056,1,1,"1056",2,"PRE"
"Thu, 21 Dec 2017 12:10:06 -0500",1456,5,1,"1456",1,"PRE"
"Thu, 21 Dec 2017 21:07:50 -0500",1457,5,2,"1457",2,"PRE"
"Thu, 22 Dec 2016 23:05:03 -0500",1055,3,2,"1055",3,"PRE"
"Sat, 23 Dec 2017 03:46:19 -0500",1458,5,2,"1458",2,"PRE"
"Sat, 23 Dec 2017 18:09:08 -0500",1459,5,2,"1459",2,"PRE"
"Mon, 26 Dec 2016 00:40:02 -0500",1057,5,3,"1057",3,"PRE"
"Tue, 26 Dec 2017 02:28:16 -0500",1461,5,0,"1461",1,"PRE"
"Tue, 26 Dec 2017 09:04:42 -0500",1462,3,2,"1462",3,"PRE"
"Wed, 27 Dec 2017 18:18:31 -0500",1463,5,2,"1463",2,"PRE"
"Fri, 29 Dec 2017 17:00:23 -0500",1464,5,1,"1464",2,"PRE"
"Sat, 29 Dec 2018 15:04:23 -0500",1956,3,2,"1956",2,"PRE"
"Fri, 30 Dec 2016 10:27:01 -0500",1059,5,3,"1059",3,"PRE"
"Fri, 30 Dec 2016 13:09:22 -0500",1060,5,1,"1060",2,"PRE"
"Sat, 30 Dec 2017 11:45:09 -0500",1465,5,2,"1465",3,"PRE"
"Sat, 31 Dec 2016 18:36:59 -0500",1061,5,1,"1061",1,"PRE"
"Sun, 31 Dec 2017 10:12:35 -0500",1466,5,2,"1466",2,"PRE"
"Wed, 01 Feb 2017 14:51:29 -0500",1091,3,0,"1091",1,"PRE"
"Wed, 01 Feb 2017 20:39:59 -0500",1092,3,0,"1092",2,"PRE"
"Wed, 01 Feb 2017 23:20:18 -0500",1093,5,1,"1093",1,"PRE"
"Thu, 01 Feb 2018 13:22:13 -0500",1506,5,2,"1506",2,"PRE"
"Thu, 01 Feb 2018 14:16:29 -0500",1507,5,5,"1507",5,"PRE"
"Thu, 01 Feb 2018 17:11:39 -0500",1508,5,2,"1508",2,"PRE"
"Fri, 02 Feb 2018 15:40:09 -0500",1510,5,3,"1510",3,"PRE"
"Fri, 02 Feb 2018 17:05:50 -0500",1511,3,2,"1511",1,"PRE"
"Sat, 03 Feb 2018 01:14:19 -0500",1513,5,2,"1513",3,"PRE"
"Sat, 03 Feb 2018 06:06:34 -0500",1514,3,1,"1514",2,"PRE"
"Sat, 04 Feb 2017 00:20:53 -0500",1094,3,2,"1094",2,"PRE"
"Sat, 04 Feb 2017 09:44:01 -0500",1095,5,2,"1095",3,"PRE"
"Sun, 04 Feb 2018 09:34:28 -0500",1509,5,3,"1509",3,"PRE"
"Sun, 04 Feb 2018 14:10:14 -0500",1516,5,3,"1516",3,"PRE"
"Sun, 04 Feb 2018 18:28:01 -0500",1517,3,3,"1517",3,"PRE"
"Sun, 04 Feb 2018 22:25:03 -0500",1518,5,1,"1518",1,"PRE"
"Mon, 05 Feb 2018 00:16:29 -0500",1519,2,1,"1519",1,"PRE"
"Mon, 05 Feb 2018 15:52:02 -0500",1521,5,1,"1521",2,"PRE"
"Mon, 05 Feb 2018 20:31:48 -0500",1522,5,3,"1522",3,"PRE"
"Mon, 06 Feb 2017 01:06:32 -0500",1096,3,1,"1096",1,"PRE"
"Tue, 06 Feb 2018 00:59:13 -0500",1523,3,2,"1523",2,"PRE"
"Tue, 06 Feb 2018 09:38:45 -0500",1525,3,1,"1525",1,"PRE"
"Tue, 06 Feb 2018 09:41:38 -0500",1526,5,2,"1526",3,"PRE"
"Tue, 06 Feb 2018 10:09:56 -0500",1524,5,2,"1524",2,"PRE"
"Tue, 06 Feb 2018 13:02:14 -0500",1527,2,1,"1527",1,"PRE"
"Tue, 07 Feb 2017 11:57:01 -0500",1097,5,1,"1097",1,"PRE"
"Tue, 07 Feb 2017 18:20:24 -0500",1084,5,3,"1084",5,"PRE"
"Wed, 07 Feb 2018 03:16:25 -0500",1528,5,2,"1528",2,"PRE"
"Wed, 07 Feb 2018 09:47:25 -0500",1529,3,2,"1529",2,"PRE"
"Wed, 08 Feb 2017 08:50:43 -0500",1099,1,1,"1099",2,"PRE"
"Wed, 08 Feb 2017 12:04:01 -0500",1101,5,2,"1101",1,"PRE"
"Thu, 08 Feb 2018 12:53:42 -0500",1530,5,3,"1530",3,"PRE"
"Thu, 08 Feb 2018 14:05:26 -0500",1531,5,1,"1531",0,"PRE"
"Thu, 08 Feb 2018 14:50:47 -0500",1532,5,1,"1532",2,"PRE"
"Thu, 08 Feb 2018 15:24:59 -0500",1533,3,1,"1533",2,"PRE"
"Thu, 08 Feb 2018 16:14:23 -0500",1535,5,1,"1535",1,"PRE"
"Thu, 09 Feb 2017 15:58:08 -0500",1102,5,2,"1102",2,"PRE"
"Fri, 09 Feb 2018 12:12:49 -0500",1536,5,2,"1536",2,"PRE"
"Fri, 10 Feb 2017 16:22:09 -0500",1103,5,2,"1103",2,"PRE"
"Sat, 10 Feb 2018 06:25:42 -0500",1537,3,2,"1537",2,"PRE"
"Sat, 11 Feb 2017 10:35:45 -0500",1104,3,2,"1104",2,"PRE"
"Sat, 11 Feb 2017 11:10:45 -0500",1105,3,2,"1105",3,"PRE"
"Sat, 11 Feb 2017 14:55:27 -0500",1106,1,2,"1106",1,"PRE"
"Sat, 11 Feb 2017 15:31:58 -0500",1107,3,3,"1107",3,"PRE"
"Sun, 11 Feb 2018 02:45:07 -0500",1538,5,1,"1538",3,"PRE"
"Sun, 11 Feb 2018 08:56:42 -0500",1539,2,1,"1539",2,"PRE"
"Sun, 12 Feb 2017 00:21:59 -0500",1108,5,1,"1108",1,"PRE"
"Mon, 12 Feb 2018 23:15:38 -0500",1541,5,2,"1541",2,"PRE"
"Tue, 13 Feb 2018 09:55:02 -0500",1542,3,3,"1542",3,"PRE"
"Tue, 14 Feb 2017 10:43:09 -0500",1109,3,1,"1109",1,"PRE"
"Wed, 14 Feb 2018 18:20:10 -0500",1544,3,2,"1544",2,"PRE"
"Wed, 15 Feb 2017 08:43:16 -0500",1110,3,2,"1110",3,"PRE"
"Wed, 15 Feb 2017 16:42:38 -0500",1111,3,2,"1111",2,"PRE"
"Thu, 15 Feb 2018 20:45:45 -0500",1545,5,2,"1545",2,"PRE"
"Thu, 16 Feb 2017 18:47:24 -0500",1112,5,3,"1112",3,"PRE"
"Thu, 16 Feb 2017 19:54:50 -0500",1113,3,2,"1113",2,"PRE"
"Fri, 16 Feb 2018 19:28:22 -0500",1546,5,2,"1546",2,"PRE"
"Fri, 17 Feb 2017 00:06:20 -0500",1114,3,1,"1114",2,"PRE"
"Fri, 17 Feb 2017 07:06:28 -0500",1115,5,2,"1115",2,"PRE"
"Sun, 18 Feb 2018 15:16:30 -0500",1547,3,2,"1547",2,"PRE"
"Sun, 19 Feb 2017 18:09:57 -0500",1116,3,1,"1116",1,"PRE"
"Mon, 19 Feb 2018 11:35:01 -0500",1548,5,5,"1548",5,"PRE"
"Mon, 20 Feb 2017 07:56:39 -0500",1117,5,2,"1117",2,"PRE"
"Mon, 20 Feb 2017 18:12:10 -0500",1118,5,1,"1118",3,"PRE"
"Tue, 21 Feb 2017 16:53:00 -0500",1119,5,2,"1119",2,"PRE"
"Wed, 21 Feb 2018 06:30:59 -0500",1551,3,2,"1551",2,"PRE"
"Wed, 21 Feb 2018 11:51:00 -0500",1552,5,2,"1552",2,"PRE"
"Wed, 22 Feb 2017 17:48:32 -0500",1120,3,1,"1120",1,"PRE"
"Wed, 22 Feb 2017 20:23:39 -0500",1121,5,2,"1121",2,"PRE"
"Thu, 22 Feb 2018 09:24:10 -0500",1553,3,2,"1553",2,"PRE"
"Thu, 22 Feb 2018 12:00:22 -0500",1555,5,2,"1555",3,"PRE"
"Thu, 23 Feb 2017 17:52:33 -0500",1122,3,2,"1122",2,"PRE"
"Fri, 23 Feb 2018 13:48:47 -0500",1557,2,1,"1557",1,"PRE"
"Fri, 24 Feb 2017 08:07:02 -0500",1123,5,3,"1123",3,"PRE"
"Sat, 24 Feb 2018 12:13:52 -0500",1558,5,2,"1558",2,"PRE"
"Sat, 24 Feb 2018 22:00:27 -0500",1560,3,2,"1560",3,"PRE"
"Sun, 25 Feb 2018 19:02:25 -0500",1561,3,1,"1561",2,"PRE"
"Tue, 27 Feb 2018 06:18:24 -0500",1562,5,2,"1562",2,"PRE"
"Tue, 27 Feb 2018 08:36:23 -0500",1563,5,2,"1563",2,"PRE"
"Tue, 27 Feb 2018 10:34:42 -0500",1564,5,3,"1564",3,"PRE"
"Tue, 27 Feb 2018 12:56:48 -0500",1566,3,2,"1566",2,"PRE"
"Tue, 27 Feb 2018 15:51:31 -0500",1568,3,0,"1568",0,"PRE"
"Tue, 27 Feb 2018 16:30:38 -0500",1565,5,2,"1565",3,"PRE"
"Tue, 27 Feb 2018 20:11:54 -0500",1569,5,2,"1569",3,"PRE"
"Tue, 27 Feb 2018 20:13:23 -0500",1567,3,3,"1567",3,"PRE"
"Tue, 27 Feb 2018 20:19:48 -0500",1570,5,3,"1570",3,"PRE"
"Tue, 28 Feb 2017 15:03:27 -0500",1126,3,2,"1126",2,"PRE"
"Wed, 28 Feb 2018 21:25:17 -0500",1571,3,2,"1571",1,"PRE"
"Mon, 01 Jan 2018 03:24:00 -0500",1467,5,0,"1467",0,"PRE"
"Mon, 01 Jan 2018 22:47:01 -0500",1468,5,1,"1468",1,"PRE"
"Mon, 02 Jan 2017 13:58:29 -0500",1063,3,1,"1063",1,"PRE"
"Tue, 02 Jan 2018 18:01:17 -0500",1469,5,1,"1469",1,"PRE"
"Wed, 03 Jan 2018 15:47:25 -0500",1470,3,3,"1470",3,"PRE"
"Wed, 03 Jan 2018 21:12:18 -0500",1471,3,3,"1471",3,"PRE"
"Thu, 03 Jan 2019 02:05:51 -0500",1958,3,2,"1958",2,"PRE"
"Thu, 03 Jan 2019 08:14:54 -0500",1959,2,3,"1959",2,"PRE"
"Wed, 04 Jan 2017 00:55:23 -0500",1065,2,2,"1065",2,"PRE"
"Wed, 04 Jan 2017 11:59:40 -0500",1066,3,1,"1066",2,"PRE"
"Thu, 04 Jan 2018 05:51:20 -0500",1472,5,2,"1472",2,"PRE"
"Thu, 04 Jan 2018 09:33:39 -0500",1473,5,2,"1473",1,"PRE"
"Thu, 04 Jan 2018 23:15:31 -0500",1474,5,1,"1474",1,"PRE"
"Fri, 04 Jan 2019 21:01:55 -0500",1960,5,3,"1960",3,"PRE"
"Thu, 05 Jan 2017 12:28:27 -0500",1068,3,0,"1068",0,"PRE"
"Sat, 06 Jan 2018 13:12:19 -0500",1475,5,2,"1475",3,"PRE"
"Sat, 07 Jan 2017 12:22:36 -0500",1064,5,3,"1064",3,"PRE"
"Mon, 08 Jan 2018 08:25:50 -0500",1476,3,1,"1476",1,"PRE"
"Mon, 08 Jan 2018 21:34:12 -0500",1477,2,1,"1477",2,"PRE"
"Mon, 08 Jan 2018 23:07:31 -0500",1478,5,1,"1478",2,"PRE"
"Tue, 09 Jan 2018 10:10:28 -0500",1479,3,1,"1479",2,"PRE"
"Wed, 09 Jan 2019 06:00:56 -0500",1961,5,0,"1961",1,"PRE"
"Thu, 10 Jan 2019 09:23:18 -0500",1963,3,1,"1963",1,"PRE"
"Thu, 12 Jan 2017 22:11:14 -0500",1069,3,1,"1069",2,"PRE"
"Fri, 12 Jan 2018 16:33:21 -0500",1480,5,2,"1480",2,"PRE"
"Fri, 13 Jan 2017 15:01:24 -0500",1071,2,2,"1071",2,"PRE"
"Sun, 13 Jan 2019 07:04:23 -0500",1964,2,0,"1964",2,"PRE"
"Sat, 14 Jan 2017 17:45:54 -0500",1072,2,0,"1072",0,"PRE"
"Sun, 14 Jan 2018 18:47:30 -0500",1481,5,2,"1481",1,"PRE"
"Mon, 15 Jan 2018 21:37:40 -0500",1482,3,2,"1482",2,"PRE"
"Tue, 15 Jan 2019 19:19:30 -0500",1965,5,2,"1965",2,"PRE"
"Tue, 16 Jan 2018 16:14:50 -0500",1483,5,2,"1483",2,"PRE"
"Wed, 16 Jan 2019 13:33:30 -0500",1966,3,2,"1966",2,"PRE"
"Wed, 16 Jan 2019 21:51:42 -0500",1967,3,1,"1967",2,"PRE"
"Wed, 17 Jan 2018 08:14:20 -0500",1484,3,1,"1484",2,"PRE"
"Wed, 17 Jan 2018 11:21:21 -0500",1489,5,2,"1489",3,"PRE"
"Wed, 18 Jan 2017 02:58:44 -0500",1073,3,2,"1073",2,"PRE"
"Wed, 18 Jan 2017 16:32:13 -0500",1074,2,2,"1074",2,"PRE"
"Fri, 18 Jan 2019 03:27:51 -0500",1969,5,2,"1969",2,"PRE"
"Fri, 18 Jan 2019 13:46:03 -0500",1970,5,2,"1970",2,"PRE"
"Thu, 19 Jan 2017 11:57:51 -0500",1075,3,2,"1075",2,"PRE"
"Sat, 20 Jan 2018 10:56:27 -0500",1491,5,1,"1491",1,"PRE"
"Sat, 20 Jan 2018 14:08:39 -0500",1492,3,1,"1492",2,"PRE"
"Sat, 20 Jan 2018 23:39:24 -0500",1493,2,1,"1493",1,"PRE"
"Sun, 20 Jan 2019 14:11:08 -0500",1972,3,2,"1972",3,"PRE"
"Sat, 21 Jan 2017 11:16:45 -0500",1076,5,1,"1076",2,"PRE"
"Sun, 21 Jan 2018 23:44:55 -0500",1494,2,1,"1494",1,"PRE"
"Mon, 22 Jan 2018 08:08:43 -0500",1495,3,2,"1495",2,"PRE"
"Mon, 23 Jan 2017 14:16:20 -0500",1077,5,1,"1077",0,"PRE"
"Mon, 23 Jan 2017 18:57:55 -0500",1078,5,2,"1078",2,"PRE"
"Mon, 23 Jan 2017 19:56:32 -0500",1079,3,2,"1079",2,"PRE"
"Mon, 23 Jan 2017 23:50:49 -0500",1080,3,2,"1080",2,"PRE"
"Tue, 23 Jan 2018 12:16:55 -0500",1496,2,2,"1496",2,"PRE"
"Tue, 23 Jan 2018 13:03:54 -0500",1485,5,0,"1485",2,"PRE"
"Tue, 24 Jan 2017 14:57:17 -0500",1081,3,2,"1081",2,"PRE"
"Wed, 24 Jan 2018 15:14:53 -0500",1497,3,1,"1497",2,"PRE"
"Wed, 25 Jan 2017 09:59:00 -0500",1082,3,2,"1082",2,"PRE"
"Wed, 25 Jan 2017 19:06:18 -0500",1083,5,0,"1083",0,"PRE"
"Fri, 26 Jan 2018 03:25:56 -0500",1501,3,1,"1501",1,"PRE"
"Fri, 26 Jan 2018 03:28:46 -0500",1502,3,2,"1502",2,"PRE"
"Fri, 26 Jan 2018 10:28:49 -0500",1503,5,3,"1503",3,"PRE"
"Fri, 27 Jan 2017 20:09:12 -0500",1085,5,2,"1085",2,"PRE"
"Sun, 29 Jan 2017 15:55:13 -0500",1086,2,1,"1086",1,"PRE"
"Sun, 29 Jan 2017 19:43:16 -0500",1088,5,2,"1088",3,"PRE"
"Sun, 29 Jan 2017 22:48:38 -0500",1087,3,2,"1087",3,"PRE"
"Mon, 30 Jan 2017 07:28:12 -0500",1089,3,2,"1089",2,"PRE"
"Tue, 31 Jan 2017 16:07:22 -0500",1090,5,2,"1090",2,"PRE"
"Wed, 31 Jan 2018 09:18:46 -0500",1504,2,2,"1504",3,"PRE"
"Wed, 31 Jan 2018 11:56:25 -0500",1505,5,1,"1505",1,"PRE"
"Thu, 30 Jun 2016 23:08:46 -0500",489,5,2,"489",2,"PRE"
"Sun, 02 Jul 2017 18:22:18 -0500",1243,5,2,"1243",1,"PRE"
"Sun, 02 Jul 2017 18:24:04 -0500",1244,3,2,"1244",2,"PRE"
"Sun, 03 Jul 2016 10:30:16 -0500",491,5,2,"491",2,"PRE"
"Sun, 03 Jul 2016 13:14:34 -0500",492,5,1,"492",2,"PRE"
"Sun, 03 Jul 2016 14:13:46 -0500",493,3,2,"493",3,"PRE"
"Mon, 04 Jul 2016 08:44:52 -0500",494,1,3,"494",2,"PRE"
"Mon, 04 Jul 2016 10:50:58 -0500",495,5,3,"495",5,"PRE"
"Mon, 04 Jul 2016 12:47:03 -0500",496,3,2,"496",3,"PRE"
"Tue, 04 Jul 2017 01:04:31 -0500",1245,3,2,"1245",1,"PRE"
"Wed, 04 Jul 2018 19:18:12 -0500",1714,3,2,"1714",3,"PRE"
"Wed, 04 Jul 2018 21:43:35 -0500",1715,3,1,"1715",1,"PRE"
"Tue, 05 Jul 2016 19:40:06 -0500",497,5,5,"497",5,"PRE"
"Wed, 05 Jul 2017 09:27:26 -0500",1246,3,1,"1246",1,"PRE"
"Wed, 05 Jul 2017 13:28:08 -0500",1247,3,1,"1247",1,"PRE"
"Thu, 05 Jul 2018 10:16:56 -0500",1716,3,2,"1716",2,"PRE"
"Wed, 06 Jul 2016 02:48:26 -0500",498,5,2,"498",3,"PRE"
"Wed, 06 Jul 2016 09:48:27 -0500",499,3,1,"499",2,"PRE"
"Thu, 06 Jul 2017 04:49:22 -0500",1248,3,1,"1248",1,"PRE"
"Thu, 07 Jul 2016 00:07:43 -0500",500,3,1,"500",2,"PRE"
"Thu, 07 Jul 2016 08:14:32 -0500",501,3,1,"501",2,"PRE"
"Fri, 08 Jul 2016 20:45:34 -0500",502,3,1,"502",1,"PRE"
"Sat, 08 Jul 2017 16:28:57 -0500",1249,5,2,"1249",2,"PRE"
"Sat, 07 Jul 2018 23:40:49 -0500",1717,3,1,"1717",1,"PRE"
"Sun, 08 Jul 2018 12:41:32 -0500",1718,2,2,"1718",2,"PRE"
"Sat, 09 Jul 2016 00:55:56 -0500",503,3,1,"503",1,"PRE"
"Sat, 09 Jul 2016 05:00:01 -0500",504,2,1,"504",2,"PRE"
"Mon, 09 Jul 2018 00:54:16 -0500",1719,5,2,"1719",2,"PRE"
"Mon, 09 Jul 2018 21:17:17 -0500",1720,5,1,"1720",1,"PRE"
"Sun, 10 Jul 2016 14:13:15 -0500",506,5,2,"506",3,"PRE"
"Mon, 10 Jul 2017 09:54:13 -0500",1250,5,1,"1250",2,"PRE"
"Mon, 10 Jul 2017 19:34:04 -0500",1251,5,1,"1251",1,"PRE"
"Mon, 10 Jul 2017 22:28:48 -0500",1252,2,2,"1252",2,"PRE"
"Mon, 11 Jul 2016 10:28:52 -0500",507,2,1,"507",1,"PRE"
"Mon, 11 Jul 2016 10:44:56 -0500",505,5,1,"505",1,"PRE"
"Mon, 11 Jul 2016 17:48:17 -0500",508,5,2,"508",2,"PRE"
"Tue, 11 Jul 2017 08:42:17 -0500",1254,3,0,"1254",0,"PRE"
"Tue, 11 Jul 2017 10:41:58 -0500",1256,5,2,"1256",2,"PRE"
"Wed, 11 Jul 2018 09:06:52 -0500",1721,3,2,"1721",2,"PRE"
"Wed, 11 Jul 2018 11:04:52 -0500",1722,3,1,"1722",1,"PRE"
"Wed, 11 Jul 2018 16:51:05 -0500",1723,3,2,"1723",2,"PRE"
"Tue, 12 Jul 2016 13:25:05 -0500",509,5,1,"509",1,"PRE"
"Tue, 12 Jul 2016 17:08:37 -0500",510,5,2,"510",2,"PRE"
"Wed, 12 Jul 2017 04:50:04 -0500",1258,5,2,"1258",3,"PRE"
"Wed, 12 Jul 2017 09:37:52 -0500",1259,3,2,"1259",2,"PRE"
"Wed, 12 Jul 2017 16:24:49 -0500",1260,5,2,"1260",3,"PRE"
"Wed, 13 Jul 2016 21:48:17 -0500",511,3,1,"511",1,"PRE"
"Wed, 12 Jul 2017 23:17:11 -0500",1257,5,3,"1257",2,"PRE"
"Thu, 13 Jul 2017 19:18:17 -0500",1261,5,1,"1261",1,"PRE"
"Thu, 14 Jul 2016 09:07:45 -0500",512,5,2,"512",2,"PRE"
"Thu, 14 Jul 2016 21:06:07 -0500",513,5,2,"513",1,"PRE"
"Fri, 15 Jul 2016 17:04:23 -0500",514,5,1,"514",3,"PRE"
"Fri, 15 Jul 2016 17:36:31 -0500",515,5,2,"515",1,"PRE"
"Sun, 15 Jul 2018 21:16:35 -0500",1725,5,2,"1725",2,"PRE"
"Sat, 16 Jul 2016 03:35:28 -0500",516,5,2,"516",2,"PRE"
"Sat, 16 Jul 2016 14:37:40 -0500",517,5,1,"517",2,"PRE"
"Sun, 16 Jul 2017 11:49:28 -0500",1262,3,1,"1262",1,"PRE"
"Sun, 15 Jul 2018 23:53:41 -0500",1726,3,1,"1726",1,"PRE"
"Mon, 16 Jul 2018 11:53:28 -0500",1727,5,1,"1727",2,"PRE"
"Mon, 18 Jul 2016 14:00:40 -0500",518,5,2,"518",2,"PRE"
"Wed, 18 Jul 2018 14:34:05 -0500",1729,5,2,"1729",3,"PRE"
"Wed, 19 Jul 2017 22:24:45 -0500",1264,5,1,"1264",1,"PRE"
"Thu, 19 Jul 2018 19:35:45 -0500",1730,3,2,"1730",3,"PRE"
"Wed, 20 Jul 2016 14:25:16 -0500",519,3,2,"519",1,"PRE"
"Wed, 20 Jul 2016 18:35:47 -0500",520,5,2,"520",2,"PRE"
"Thu, 20 Jul 2017 20:35:35 -0500",1265,5,2,"1265",3,"PRE"
"Fri, 20 Jul 2018 21:11:35 -0500",1731,3,1,"1731",2,"PRE"
"Thu, 21 Jul 2016 13:27:16 -0500",522,3,2,"522",2,"PRE"
"Sun, 22 Jul 2018 14:29:06 -0500",1732,3,1,"1732",2,"PRE"
"Mon, 24 Jul 2017 01:35:34 -0500",1266,3,1,"1266",1,"PRE"
"Mon, 24 Jul 2017 11:39:55 -0500",1267,5,3,"1267",5,"PRE"
"Tue, 24 Jul 2018 17:09:00 -0500",1733,2,1,"1733",2,"PRE"
"Tue, 25 Jul 2017 10:05:38 -0500",1268,5,3,"1268",2,"PRE"
"Wed, 26 Jul 2017 02:57:45 -0500",1271,3,2,"1271",2,"PRE"
"Wed, 26 Jul 2017 05:24:53 -0500",1272,3,2,"1272",3,"PRE"
"Wed, 26 Jul 2017 16:46:25 -0500",1273,5,2,"1273",2,"PRE"
"Wed, 27 Jul 2016 17:27:22 -0500",523,3,1,"523",1,"PRE"
"Wed, 27 Jul 2016 20:28:18 -0500",524,3,2,"524",2,"PRE"
"Thu, 27 Jul 2017 09:55:06 -0500",1274,5,1,"1274",1,"PRE"
"Thu, 27 Jul 2017 11:45:35 -0500",1275,5,1,"1275",2,"PRE"
"Thu, 27 Jul 2017 14:51:12 -0500",1276,3,0,"1276",0,"PRE"
"Thu, 27 Jul 2017 16:07:24 -0500",1277,5,1,"1277",1,"PRE"
"Thu, 27 Jul 2017 17:00:25 -0500",1279,5,2,"1279",2,"PRE"
"Thu, 27 Jul 2017 17:01:42 -0500",1278,5,2,"1278",3,"PRE"
"Thu, 27 Jul 2017 18:22:48 -0500",1280,5,0,"1280",0,"PRE"
"Thu, 27 Jul 2017 22:07:46 -0500",1281,5,1,"1281",1,"PRE"
"Thu, 28 Jul 2016 09:12:43 -0500",525,5,0,"525",1,"PRE"
"Thu, 28 Jul 2016 13:41:53 -0500",526,5,2,"526",2,"PRE"
"Fri, 28 Jul 2017 01:30:23 -0500",1282,3,2,"1282",2,"PRE"
"Fri, 28 Jul 2017 02:34:09 -0500",1283,5,2,"1283",2,"PRE"
"Fri, 28 Jul 2017 03:15:07 -0500",1284,2,2,"1284",1,"PRE"
"Fri, 28 Jul 2017 09:14:40 -0500",1287,2,1,"1287",1,"PRE"
"Fri, 28 Jul 2017 11:19:28 -0500",1286,3,2,"1286",2,"PRE"
"Sat, 29 Jul 2017 03:18:48 -0500",1289,3,2,"1289",3,"PRE"
"Sat, 29 Jul 2017 08:35:13 -0500",1290,5,2,"1290",2,"PRE"
"Sat, 29 Jul 2017 13:35:02 -0500",1291,5,1,"1291",1,"PRE"
"Sat, 29 Jul 2017 22:29:27 -0500",1293,5,2,"1293",2,"PRE"
"Sun, 29 Jul 2018 04:30:55 -0500",1737,5,0,"1737",1,"PRE"
"Sun, 30 Jul 2017 08:46:09 -0500",1295,3,3,"1295",2,"PRE"
"Sun, 30 Jul 2017 09:06:01 -0500",1292,5,1,"1292",1,"PRE"
"Sun, 30 Jul 2017 13:52:53 -0500",1296,5,1,"1296",1,"PRE"
"Sun, 30 Jul 2017 17:03:08 -0500",1297,3,2,"1297",2,"PRE"
"Sun, 30 Jul 2017 19:58:37 -0500",1298,3,1,"1298",1,"PRE"
"Mon, 30 Jul 2018 19:39:40 -0500",1738,3,1,"1738",1,"PRE"
"Sun, 30 Jul 2017 23:21:34 -0500",1299,5,2,"1299",2,"PRE"
"Mon, 31 Jul 2017 09:24:34 -0500",1300,5,2,"1300",2,"PRE"
"Mon, 31 Jul 2017 10:03:49 -0500",1301,1,1,"1301",1,"PRE"
"Mon, 31 Jul 2017 16:07:15 -0500",1302,5,2,"1302",2,"PRE"
"Tue, 31 Jul 2018 13:16:26 -0500",1741,2,2,"1741",2,"PRE"
"Tue, 31 Jul 2018 19:20:33 -0500",1742,3,2,"1742",1,"PRE"
"Thu, 01 Jun 2017 19:37:02 -0500",1216,5,1,"1216",1,"PRE"
"Fri, 01 Jun 2018 12:41:25 -0500",1691,3,1,"1691",1,"PRE"
"Fri, 01 Jun 2018 14:06:18 -0500",1692,3,0,"1692",1,"PRE"
"Fri, 02 Jun 2017 04:31:09 -0500",1217,3,2,"1217",3,"PRE"
"Fri, 02 Jun 2017 17:47:21 -0500",1218,5,1,"1218",1,"PRE"
"Sun, 03 Jun 2018 11:48:50 -0500",1693,5,1,"1693",2,"PRE"
"Sun, 04 Jun 2017 07:08:32 -0500",1219,5,1,"1219",1,"PRE"
"Mon, 04 Jun 2018 12:59:55 -0500",1695,5,2,"1695",2,"PRE"
"Mon, 04 Jun 2018 16:08:07 -0500",1694,2,1,"1694",2,"PRE"
"Mon, 04 Jun 2018 18:47:50 -0500",1149,3,3,"1149",3,"PRE"
"Mon, 04 Jun 2018 19:02:23 -0500",1696,5,0,"1696",0,"PRE"
"Tue, 05 Jun 2018 06:34:13 -0500",1697,5,1,"1697",1,"PRE"
"Tue, 06 Jun 2017 21:45:10 -0500",1227,3,2,"1227",2,"PRE"
"Tue, 06 Jun 2017 21:58:36 -0500",1228,3,1,"1228",1,"PRE"
"Thu, 07 Jun 2018 20:44:09 -0500",1698,5,2,"1698",3,"PRE"
"Wed, 08 Jun 2016 22:07:24 -0500",421,3,2,"421",2,"PRE"
"Thu, 08 Jun 2017 17:40:18 -0500",1229,3,2,"1229",3,"PRE"
"Thu, 08 Jun 2017 17:41:07 -0500",1230,5,2,"1230",2,"PRE"
"Thu, 09 Jun 2016 19:23:41 -0500",422,5,1,"422",2,"PRE"
"Fri, 10 Jun 2016 00:48:27 -0500",423,5,2,"423",3,"PRE"
"Sat, 10 Jun 2017 09:54:47 -0500",1231,5,3,"1231",3,"PRE"
"Sat, 11 Jun 2016 10:00:35 -0500",424,3,2,"424",2,"PRE"
"Sat, 11 Jun 2016 13:37:02 -0500",425,3,2,"425",2,"PRE"
"Sat, 11 Jun 2016 18:29:51 -0500",426,2,1,"426",3,"PRE"
"Sun, 12 Jun 2016 19:17:39 -0500",429,3,3,"429",5,"PRE"
"Mon, 13 Jun 2016 03:13:01 -0500",430,2,1,"430",3,"PRE"
"Mon, 13 Jun 2016 11:02:13 -0500",431,3,1,"431",1,"PRE"
"Mon, 13 Jun 2016 11:47:35 -0500",432,5,2,"432",3,"PRE"
"Mon, 13 Jun 2016 13:55:12 -0500",433,3,0,"433",0,"PRE"
"Mon, 13 Jun 2016 15:27:27 -0500",434,3,3,"434",3,"PRE"
"Mon, 13 Jun 2016 15:31:37 -0500",435,5,2,"435",2,"PRE"
"Mon, 13 Jun 2016 16:24:07 -0500",436,3,1,"436",1,"PRE"
"Mon, 13 Jun 2016 20:01:06 -0500",438,5,1,"438",1,"PRE"
"Mon, 13 Jun 2016 21:24:39 -0500",428,3,3,"428",5,"PRE"
"Tue, 13 Jun 2017 19:03:49 -0500",1233,5,0,"1233",2,"PRE"
"Thu, 14 Jun 2018 16:09:00 -0500",1701,5,2,"1701",2,"PRE"
"Thu, 14 Jun 2018 16:37:32 -0500",1702,3,2,"1702",3,"PRE"
"Wed, 15 Jun 2016 05:11:03 -0500",439,2,1,"439",2,"PRE"
"Wed, 15 Jun 2016 08:14:27 -0500",440,3,2,"440",2,"PRE"
"Wed, 15 Jun 2016 10:54:27 -0500",442,2,1,"442",1,"PRE"
"Wed, 15 Jun 2016 13:33:36 -0500",443,3,1,"443",2,"PRE"
"Wed, 15 Jun 2016 16:12:38 -0500",444,5,2,"444",2,"PRE"
"Thu, 15 Jun 2017 16:10:40 -0500",1234,1,0,"1234",0,"PRE"
"Fri, 15 Jun 2018 01:22:47 -0500",1700,1,2,"1700",2,"PRE"
"Fri, 15 Jun 2018 05:15:30 -0500",1703,3,2,"1703",2,"PRE"
"Thu, 16 Jun 2016 12:48:44 -0500",445,5,2,"445",2,"PRE"
"Sat, 16 Jun 2018 13:13:15 -0500",1704,5,5,"1704",5,"PRE"
"Sat, 16 Jun 2018 13:38:37 -0500",1705,2,0,"1705",0,"PRE"
"Sat, 16 Jun 2018 19:43:21 -0500",1706,3,2,"1706",2,"PRE"
"Thu, 16 Jun 2016 23:22:49 -0500",446,5,2,"446",1,"PRE"
"Fri, 17 Jun 2016 08:32:35 -0500",447,3,2,"447",2,"PRE"
"Fri, 17 Jun 2016 13:59:50 -0500",449,5,0,"449",0,"PRE"
"Sat, 18 Jun 2016 01:09:30 -0500",451,3,0,"451",1,"PRE"
"Sat, 18 Jun 2016 01:13:05 -0500",452,5,3,"452",5,"PRE"
"Sun, 18 Jun 2017 05:23:13 -0500",1235,5,2,"1235",2,"PRE"
"Sun, 18 Jun 2017 14:55:58 -0500",1236,3,1,"1236",2,"PRE"
"Sun, 19 Jun 2016 11:53:51 -0500",453,2,0,"453",1,"PRE"
"Sun, 19 Jun 2016 19:11:52 -0500",454,5,2,"454",2,"PRE"
"Sun, 19 Jun 2016 21:19:23 -0500",455,3,2,"455",2,"PRE"
"Mon, 19 Jun 2017 13:03:32 -0500",1237,3,2,"1237",2,"PRE"
"Mon, 20 Jun 2016 16:32:22 -0500",456,5,1,"456",2,"PRE"
"Mon, 20 Jun 2016 17:57:34 -0500",457,3,2,"457",2,"PRE"
"Mon, 20 Jun 2016 18:21:14 -0500",458,3,2,"458",2,"PRE"
"Wed, 20 Jun 2018 22:46:15 -0500",1708,3,1,"1708",1,"PRE"
"Wed, 21 Jun 2017 03:14:38 -0500",1238,5,2,"1238",2,"PRE"
"Wed, 21 Jun 2017 16:43:43 -0500",1239,3,2,"1239",2,"PRE"
"Thu, 21 Jun 2018 06:54:33 -0500",1709,3,2,"1709",2,"PRE"
"Wed, 22 Jun 2016 08:45:02 -0500",460,3,2,"460",2,"PRE"
"Fri, 22 Jun 2018 16:50:00 -0500",1710,5,5,"1710",5,"PRE"
"Thu, 23 Jun 2016 12:59:59 -0500",461,5,2,"461",2,"PRE"
"Thu, 23 Jun 2016 15:44:19 -0500",462,5,2,"462",2,"PRE"
"Fri, 24 Jun 2016 01:26:09 -0500",464,5,2,"464",2,"PRE"
"Fri, 24 Jun 2016 18:06:07 -0500",465,5,2,"465",2,"PRE"
"Fri, 24 Jun 2016 23:14:45 -0500",467,2,2,"467",2,"PRE"
"Sun, 25 Jun 2017 04:10:59 -0500",1240,5,3,"1240",3,"PRE"
"Mon, 25 Jun 2018 06:37:38 -0500",1711,5,3,"1711",5,"PRE"
"Mon, 27 Jun 2016 17:55:04 -0500",470,5,3,"470",3,"PRE"
"Mon, 27 Jun 2016 17:55:27 -0500",469,5,1,"469",1,"PRE"
"Mon, 27 Jun 2016 18:46:49 -0500",471,2,1,"471",1,"PRE"
"Mon, 27 Jun 2016 20:42:01 -0500",472,5,0,"472",1,"PRE"
"Mon, 27 Jun 2016 23:44:16 -0500",473,5,2,"473",2,"PRE"
"Tue, 28 Jun 2016 01:25:10 -0500",474,3,2,"474",2,"PRE"
"Tue, 28 Jun 2016 08:13:27 -0500",475,5,1,"475",2,"PRE"
"Tue, 28 Jun 2016 08:40:49 -0500",476,5,1,"476",3,"PRE"
"Tue, 28 Jun 2016 10:19:03 -0500",477,5,2,"477",3,"PRE"
"Tue, 28 Jun 2016 12:54:42 -0500",478,3,1,"478",1,"PRE"
"Tue, 28 Jun 2016 15:36:47 -0500",480,5,1,"480",2,"PRE"
"Wed, 28 Jun 2017 09:29:13 -0500",1241,5,1,"1241",1,"PRE"
"Thu, 28 Jun 2018 11:03:07 -0500",1713,3,2,"1713",2,"PRE"
"Wed, 29 Jun 2016 07:39:23 -0500",481,5,1,"481",1,"PRE"
"Wed, 29 Jun 2016 11:28:54 -0500",482,5,2,"482",2,"PRE"
"Wed, 29 Jun 2016 12:07:54 -0500",483,3,2,"483",2,"PRE"
"Wed, 29 Jun 2016 16:59:54 -0500",484,3,2,"484",3,"PRE"
"Wed, 29 Jun 2016 17:28:44 -0500",485,5,2,"485",3,"PRE"
"Thu, 29 Jun 2017 20:03:18 -0500",1242,3,2,"1242",2,"PRE"
"Thu, 30 Jun 2016 13:50:30 -0500",487,3,0,"487",1,"PRE"
"Thu, 30 Jun 2016 18:07:43 -0500",488,3,1,"488",1,"PRE"
"Wed, 01 Mar 2017 02:10:05 -0500",1127,3,2,"1127",2,"PRE"
"Wed, 01 Mar 2017 15:41:23 -0500",1128,3,2,"1128",2,"PRE"
"Thu, 01 Mar 2018 16:24:38 -0500",1573,3,2,"1573",3,"PRE"
"Thu, 01 Mar 2018 18:37:24 -0500",1574,5,2,"1574",2,"PRE"
"Thu, 02 Mar 2017 19:06:36 -0500",1129,5,0,"1129",1,"PRE"
"Fri, 03 Mar 2017 11:28:27 -0500",1131,3,2,"1131",2,"PRE"
"Sat, 03 Mar 2018 11:19:05 -0500",1576,3,0,"1576",0,"PRE"
"Sat, 03 Mar 2018 16:20:53 -0500",1577,3,3,"1577",3,"PRE"
"Sat, 03 Mar 2018 17:49:20 -0500",1578,2,2,"1578",2,"PRE"
"Sun, 04 Mar 2018 05:39:41 -0500",1579,5,3,"1579",3,"PRE"
"Sun, 04 Mar 2018 07:14:34 -0500",1580,5,1,"1580",1,"PRE"
"Sun, 04 Mar 2018 07:48:34 -0500",1581,3,1,"1581",1,"PRE"
"Sun, 04 Mar 2018 14:54:16 -0500",1582,3,1,"1582",1,"PRE"
"Sun, 05 Mar 2017 22:47:14 -0500",1132,5,2,"1132",2,"PRE"
"Mon, 05 Mar 2018 06:30:10 -0500",1583,3,0,"1583",0,"PRE"
"Mon, 05 Mar 2018 15:19:07 -0500",1584,5,2,"1584",3,"PRE"
"Mon, 05 Mar 2018 15:24:07 -0500",1585,3,1,"1585",1,"PRE"
"Tue, 06 Mar 2018 09:48:29 -0500",1586,5,3,"1586",5,"PRE"
"Tue, 06 Mar 2018 16:02:01 -0500",1587,5,3,"1587",3,"PRE"
"Tue, 07 Mar 2017 04:58:50 -0500",1133,5,2,"1133",2,"PRE"
"Tue, 07 Mar 2017 09:58:35 -0500",1134,5,0,"1134",0,"PRE"
"Tue, 07 Mar 2017 16:42:32 -0500",1135,5,3,"1135",3,"PRE"
"Wed, 08 Mar 2017 11:24:11 -0500",1136,5,2,"1136",2,"PRE"
"Thu, 08 Mar 2018 13:36:11 -0500",1589,3,2,"1589",3,"PRE"
"Thu, 09 Mar 2017 09:50:27 -0500",1137,5,2,"1137",2,"PRE"
"Fri, 09 Mar 2018 22:33:07 -0500",1590,5,2,"1590",2,"PRE"
"Fri, 10 Mar 2017 10:09:22 -0500",1138,3,2,"1138",3,"PRE"
"Fri, 10 Mar 2017 15:59:35 -0500",1139,5,2,"1139",2,"PRE"
"Sat, 10 Mar 2018 08:33:45 -0500",1591,5,1,"1591",2,"PRE"
"Sat, 10 Mar 2018 10:10:35 -0500",1592,5,5,"1592",5,"PRE"
"Sat, 10 Mar 2018 12:52:38 -0500",1593,3,1,"1593",1,"PRE"
"Sun, 11 Mar 2018 08:33:14 -0500",1575,3,2,"1575",2,"PRE"
"Sun, 11 Mar 2018 17:22:06 -0500",1594,5,2,"1594",2,"PRE"
"Mon, 12 Mar 2018 14:14:54 -0500",1595,5,2,"1595",2,"PRE"
"Mon, 12 Mar 2018 17:07:50 -0500",1596,5,2,"1596",2,"PRE"
"Mon, 13 Mar 2017 01:24:45 -0500",1140,5,2,"1140",3,"PRE"
"Tue, 13 Mar 2018 08:04:01 -0500",1597,5,2,"1597",2,"PRE"
"Tue, 13 Mar 2018 08:07:17 -0500",1598,3,2,"1598",2,"PRE"
"Tue, 14 Mar 2017 07:39:21 -0500",1141,5,2,"1141",2,"PRE"
"Tue, 14 Mar 2017 15:57:06 -0500",1142,3,0,"1142",1,"PRE"
"Wed, 14 Mar 2018 16:29:39 -0500",1599,5,1,"1599",2,"PRE"
"Thu, 15 Mar 2018 17:23:08 -0500",1600,5,3,"1600",2,"PRE"
"Thu, 15 Mar 2018 19:14:11 -0500",1601,5,2,"1601",2,"PRE"
"Wed, 15 Mar 2017 23:27:06 -0500",1144,5,2,"1144",2,"PRE"
"Fri, 16 Mar 2018 10:12:09 -0500",1602,3,1,"1602",1,"PRE"
"Sat, 17 Mar 2018 09:53:36 -0500",1603,5,3,"1603",3,"PRE"
"Sat, 17 Mar 2018 10:01:00 -0500",1604,2,2,"1604",2,"PRE"
"Sat, 17 Mar 2018 15:43:31 -0500",1605,5,2,"1605",2,"PRE"
"Sat, 18 Mar 2017 09:22:21 -0500",1146,5,2,"1146",1,"PRE"
"Sun, 18 Mar 2018 09:15:13 -0500",1606,5,2,"1606",2,"PRE"
"Sun, 18 Mar 2018 13:44:07 -0500",1607,5,2,"1607",2,"PRE"
"Sun, 19 Mar 2017 03:09:07 -0500",1147,5,1,"1147",1,"PRE"
"Mon, 20 Mar 2017 11:19:44 -0500",1148,5,1,"1148",1,"PRE"
"Thu, 22 Mar 2018 03:35:41 -0500",1609,3,1,"1609",1,"PRE"
"Thu, 23 Mar 2017 01:46:39 -0500",1152,2,1,"1152",2,"PRE"
"Thu, 23 Mar 2017 11:59:00 -0500",1153,3,1,"1153",1,"PRE"
"Thu, 23 Mar 2017 20:15:34 -0500",1154,5,2,"1154",2,"PRE"
"Fri, 23 Mar 2018 00:31:38 -0500",1610,5,2,"1610",2,"PRE"
"Fri, 23 Mar 2018 19:53:17 -0500",1612,2,2,"1612",2,"PRE"
"Sat, 25 Mar 2017 21:56:37 -0500",1155,3,0,"1155",1,"PRE"
"Sun, 25 Mar 2018 15:46:41 -0500",1613,3,1,"1613",1,"PRE"
"Mon, 26 Mar 2018 17:27:26 -0500",1614,5,2,"1614",2,"PRE"
"Mon, 26 Mar 2018 20:41:21 -0500",1615,5,2,"1615",2,"PRE"
"Mon, 26 Mar 2018 21:50:07 -0500",1616,3,2,"1616",2,"PRE"
"Mon, 27 Mar 2017 10:01:38 -0500",1156,2,1,"1156",1,"PRE"
"Mon, 27 Mar 2017 12:39:15 -0500",1157,5,2,"1157",3,"PRE"
"Tue, 27 Mar 2018 09:31:07 -0500",1617,5,2,"1617",2,"PRE"
"Tue, 28 Mar 2017 09:15:12 -0500",1158,5,0,"1158",0,"PRE"
"Wed, 28 Mar 2018 19:30:25 -0500",1619,5,2,"1619",2,"PRE"
"Wed, 29 Mar 2017 08:58:09 -0500",1159,3,2,"1159",2,"PRE"
"Wed, 29 Mar 2017 10:38:52 -0500",1160,5,2,"1160",2,"PRE"
"Wed, 29 Mar 2017 20:50:09 -0500",1161,5,2,"1161",3,"PRE"
"Wed, 29 Mar 2017 20:55:18 -0500",1162,5,1,"1162",1,"PRE"
"Thu, 29 Mar 2018 12:16:44 -0500",1620,3,2,"1620",2,"PRE"
"Thu, 29 Mar 2018 17:41:10 -0500",1621,3,2,"1621",1,"PRE"
"Thu, 30 Mar 2017 16:34:47 -0500",1163,2,1,"1163",2,"PRE"
"Thu, 30 Mar 2017 19:06:22 -0500",1164,2,1,"1164",3,"PRE"
"Fri, 30 Mar 2018 14:42:55 -0500",1622,3,2,"1622",3,"PRE"
"Sat, 31 Mar 2018 19:04:23 -0500",1623,3,2,"1623",2,"PRE"
"Thu, 03 May 2018 06:52:31 -0500",1664,5,5,"1664",5,"PRE"
"Thu, 03 May 2018 09:07:51 -0500",1665,3,3,"1665",3,"PRE"
"Fri, 04 May 2018 17:21:12 -0500",1666,5,1,"1666",1,"PRE"
"Mon, 07 May 2018 12:21:45 -0500",1667,3,2,"1667",2,"PRE"
"Mon, 07 May 2018 13:12:28 -0500",1668,5,2,"1668",3,"PRE"
"Tue, 08 May 2018 14:06:15 -0500",1669,3,1,"1669",1,"PRE"
"Tue, 08 May 2018 16:39:00 -0500",1670,3,1,"1670",1,"PRE"
"Tue, 09 May 2017 00:19:44 -0500",1194,3,1,"1194",2,"PRE"
"Tue, 09 May 2017 12:28:40 -0500",1195,2,2,"1195",5,"PRE"
"Wed, 09 May 2018 04:37:31 -0500",1671,2,2,"1671",3,"PRE"
"Thu, 10 May 2018 03:35:14 -0500",1672,5,5,"1672",5,"PRE"
"Thu, 10 May 2018 11:51:49 -0500",1673,5,1,"1673",1,"PRE"
"Thu, 10 May 2018 13:08:29 -0500",1674,5,2,"1674",2,"PRE"
"Thu, 10 May 2018 16:06:42 -0500",1675,3,2,"1675",3,"PRE"
"Wed, 11 May 2016 22:28:49 -0500",9,5,3,"9",3,"PRE"
"Thu, 11 May 2017 02:24:22 -0500",1196,3,2,"1196",2,"PRE"
"Thu, 11 May 2017 03:55:00 -0500",1197,3,1,"1197",2,"PRE"
"Thu, 11 May 2017 08:16:20 -0500",1198,3,2,"1198",3,"PRE"
"Thu, 10 May 2018 23:55:54 -0500",1676,5,1,"1676",2,"PRE"
"Thu, 12 May 2016 22:06:22 -0500",10,5,2,"10",2,"PRE"
"Thu, 12 May 2016 22:25:54 -0500",11,3,2,"11",3,"PRE"
"Sat, 12 May 2018 02:29:07 -0500",1677,5,5,"1677",3,"PRE"
"Sat, 12 May 2018 13:56:27 -0500",1678,2,3,"1678",3,"PRE"
"Fri, 13 May 2016 11:45:55 -0500",12,5,1,"12",1,"PRE"
"Mon, 14 May 2018 13:33:01 -0500",1679,3,3,"1679",3,"PRE"
"Sun, 15 May 2016 09:28:44 -0500",13,3,2,"13",1,"PRE"
"Mon, 15 May 2017 09:51:21 -0500",1199,2,1,"1199",2,"PRE"
"Mon, 16 May 2016 10:26:32 -0500",14,5,2,"14",3,"PRE"
"Mon, 16 May 2016 14:00:23 -0500",15,3,2,"15",2,"PRE"
"Mon, 16 May 2016 14:54:11 -0500",16,5,2,"16",2,"PRE"
"Mon, 16 May 2016 15:09:33 -0500",17,3,3,"17",3,"PRE"
"Mon, 16 May 2016 15:24:57 -0500",18,5,2,"18",2,"PRE"
"Mon, 16 May 2016 16:17:06 -0500",19,3,2,"19",2,"PRE"
"Mon, 16 May 2016 18:35:02 -0500",8,5,2,"8",3,"PRE"
"Wed, 16 May 2018 08:59:26 -0500",1680,3,2,"1680",2,"PRE"
"Wed, 17 May 2017 20:43:25 -0500",1200,3,1,"1200",1,"PRE"
"Fri, 18 May 2018 12:21:23 -0500",1681,3,2,"1681",2,"PRE"
"Fri, 19 May 2017 18:12:59 -0500",1201,3,3,"1201",3,"PRE"
"Sun, 21 May 2017 14:35:49 -0500",1202,3,0,"1202",0,"PRE"
"Mon, 22 May 2017 18:14:40 -0500",1203,5,2,"1203",2,"PRE"
"Tue, 22 May 2018 01:41:55 -0500",1682,2,1,"1682",2,"PRE"
"Tue, 23 May 2017 13:04:24 -0500",1204,5,3,"1204",2,"PRE"
"Wed, 24 May 2017 02:54:02 -0500",1205,5,0,"1205",0,"PRE"
"Wed, 24 May 2017 15:21:49 -0500",1206,3,2,"1206",3,"PRE"
"Wed, 24 May 2017 19:51:52 -0500",1207,3,2,"1207",2,"PRE"
"Thu, 24 May 2018 20:54:29 -0500",1684,5,2,"1684",2,"PRE"
"Fri, 25 May 2018 12:56:09 -0500",1685,5,2,"1685",3,"PRE"
"Fri, 26 May 2017 13:11:44 -0500",1209,3,2,"1209",2,"PRE"
"Fri, 26 May 2017 15:05:39 -0500",1210,2,2,"1210",2,"PRE"
"Sat, 27 May 2017 04:40:35 -0500",1211,3,2,"1211",2,"PRE"
"Sun, 28 May 2017 07:42:41 -0500",1212,3,2,"1212",2,"PRE"
"Tue, 29 May 2018 05:37:00 -0500",1686,3,1,"1686",1,"PRE"
"Tue, 29 May 2018 17:57:41 -0500",1687,3,1,"1687",1,"PRE"
"Tue, 30 May 2017 13:25:45 -0500",1214,5,2,"1214",2,"PRE"
"Tue, 30 May 2017 20:59:51 -0500",883,2,3,"883",3,"PRE"
"Wed, 30 May 2018 17:24:53 -0500",1688,5,2,"1688",2,"PRE"
"Wed, 30 May 2018 18:33:58 -0500",1689,3,2,"1689",1,"PRE"
"Thu, 31 May 2018 17:26:13 -0500",1690,5,3,"1690",5,"PRE"
"Tue, 01 Nov 2016 08:55:50 -0500",970,5,2,"970",2,"PRE"
"Tue, 01 Nov 2016 14:26:19 -0500",972,5,1,"972",2,"PRE"
"Tue, 01 Nov 2016 16:08:40 -0500",973,5,2,"973",2,"PRE"
"Tue, 01 Nov 2016 17:31:40 -0500",974,5,2,"974",3,"PRE"
"Thu, 01 Nov 2018 01:10:18 -0500",1904,5,3,"1904",3,"PRE"
"Thu, 01 Nov 2018 13:39:28 -0500",1905,5,1,"1905",1,"PRE"
"Wed, 02 Nov 2016 15:52:55 -0500",976,5,2,"976",2,"PRE"
"Wed, 02 Nov 2016 17:15:24 -0500",977,5,1,"977",2,"PRE"
"Wed, 02 Nov 2016 19:28:58 -0500",978,5,1,"978",1,"PRE"
"Thu, 02 Nov 2017 19:53:15 -0500",1405,5,1,"1405",2,"PRE"
"Thu, 01 Nov 2018 23:08:22 -0500",1907,3,3,"1907",3,"PRE"
"Fri, 02 Nov 2018 09:26:50 -0500",1908,1,2,"1908",5,"PRE"
"Wed, 02 Nov 2016 23:40:22 -0500",979,5,2,"979",2,"PRE"
"Fri, 03 Nov 2017 02:43:17 -0500",1406,3,0,"1406",1,"PRE"
"Sun, 04 Nov 2018 15:09:49 -0500",1910,5,2,"1910",2,"PRE"
"Sat, 05 Nov 2016 14:02:08 -0500",981,5,2,"981",2,"PRE"
"Sun, 05 Nov 2017 16:59:43 -0500",1408,3,1,"1408",1,"PRE"
"Sun, 05 Nov 2017 18:30:46 -0500",1409,3,1,"1409",1,"PRE"
"Sun, 05 Nov 2017 21:22:52 -0500",1410,3,1,"1410",1,"PRE"
"Mon, 05 Nov 2018 12:50:22 -0500",1911,5,2,"1911",2,"PRE"
"Sun, 06 Nov 2016 10:56:36 -0500",982,3,1,"982",1,"PRE"
"Sun, 06 Nov 2016 14:35:52 -0500",983,5,2,"983",2,"PRE"
"Sun, 06 Nov 2016 18:19:21 -0500",873,5,2,"873",2,"PRE"
"Sun, 06 Nov 2016 18:50:55 -0500",984,2,0,"984",1,"PRE"
"Mon, 06 Nov 2017 10:59:12 -0500",1411,3,2,"1411",2,"PRE"
"Mon, 07 Nov 2016 08:55:39 -0500",985,5,1,"985",2,"PRE"
"Mon, 07 Nov 2016 21:21:04 -0500",986,3,2,"986",3,"PRE"
"Tue, 08 Nov 2016 11:17:34 -0500",988,3,2,"988",2,"PRE"
"Tue, 08 Nov 2016 14:48:57 -0500",989,5,2,"989",2,"PRE"
"Wed, 08 Nov 2017 03:41:13 -0500",1412,3,1,"1412",2,"PRE"
"Wed, 08 Nov 2017 13:02:22 -0500",1413,5,2,"1413",2,"PRE"
"Wed, 08 Nov 2017 14:56:18 -0500",1414,3,2,"1414",2,"PRE"
"Thu, 09 Nov 2017 14:42:13 -0500",1415,3,1,"1415",2,"PRE"
"Thu, 10 Nov 2016 09:23:39 -0500",992,5,2,"992",3,"PRE"
"Thu, 10 Nov 2016 09:25:13 -0500",991,3,1,"991",2,"PRE"
"Thu, 10 Nov 2016 09:35:22 -0500",993,3,2,"993",2,"PRE"
"Thu, 10 Nov 2016 10:35:15 -0500",994,2,1,"994",3,"PRE"
"Thu, 10 Nov 2016 16:23:03 -0500",995,3,2,"995",2,"PRE"
"Thu, 10 Nov 2016 21:23:19 -0500",996,5,1,"996",1,"PRE"
"Thu, 10 Nov 2016 21:58:59 -0500",997,5,1,"997",3,"PRE"
"Fri, 10 Nov 2017 23:44:54 -0500",1416,3,3,"1416",5,"PRE"
"Fri, 11 Nov 2016 21:08:34 -0500",998,3,1,"998",1,"PRE"
"Sat, 11 Nov 2017 20:11:38 -0500",1417,3,2,"1417",1,"PRE"
"Sun, 11 Nov 2018 09:28:33 -0500",1912,5,3,"1912",3,"PRE"
"Mon, 12 Nov 2018 13:18:23 -0500",1914,3,2,"1914",2,"PRE"
"Mon, 12 Nov 2018 14:02:36 -0500",1915,5,1,"1915",2,"PRE"
"Sun, 13 Nov 2016 03:52:17 -0500",999,5,1,"999",1,"PRE"
"Sun, 13 Nov 2016 17:06:05 -0500",1001,5,1,"1001",2,"PRE"
"Sun, 13 Nov 2016 17:42:31 -0500",1002,5,1,"1002",1,"PRE"
"Sun, 13 Nov 2016 23:15:41 -0500",1003,5,2,"1003",2,"PRE"
"Mon, 13 Nov 2017 06:19:36 -0500",1418,3,2,"1418",3,"PRE"
"Tue, 13 Nov 2018 02:42:50 -0500",1916,3,1,"1916",1,"PRE"
"Tue, 13 Nov 2018 19:03:00 -0500",1917,2,1,"1917",1,"PRE"
"Mon, 14 Nov 2016 05:30:11 -0500",1004,5,2,"1004",2,"PRE"
"Mon, 14 Nov 2016 13:07:35 -0500",1006,2,2,"1006",1,"PRE"
"Tue, 14 Nov 2017 14:47:01 -0500",1419,3,3,"1419",3,"PRE"
"Wed, 14 Nov 2018 14:42:05 -0500",1918,5,0,"1918",0,"PRE"
"Tue, 15 Nov 2016 20:36:09 -0500",1007,3,3,"1007",3,"PRE"
"Tue, 15 Nov 2016 21:51:39 -0500",1009,5,2,"1009",2,"PRE"
"Wed, 16 Nov 2016 18:18:31 -0500",1010,5,2,"1010",2,"PRE"
"Fri, 16 Nov 2018 12:42:00 -0500",1919,3,2,"1919",2,"PRE"
"Fri, 16 Nov 2018 14:49:03 -0500",1920,5,2,"1920",2,"PRE"
"Thu, 17 Nov 2016 01:53:55 -0500",1011,3,3,"1011",3,"PRE"
"Thu, 17 Nov 2016 05:24:48 -0500",1012,3,1,"1012",1,"PRE"
"Thu, 17 Nov 2016 14:56:15 -0500",1013,3,1,"1013",2,"PRE"
"Sat, 17 Nov 2018 10:44:13 -0500",1922,5,1,"1922",2,"PRE"
"Fri, 18 Nov 2016 14:34:44 -0500",1015,5,2,"1015",2,"PRE"
"Fri, 18 Nov 2016 17:31:34 -0500",1016,3,3,"1016",3,"PRE"
"Sat, 18 Nov 2017 09:20:26 -0500",1420,3,2,"1420",2,"PRE"
"Sat, 19 Nov 2016 15:24:26 -0500",1017,3,2,"1017",3,"PRE"
"Mon, 19 Nov 2018 16:10:43 -0500",1921,3,2,"1921",2,"PRE"
"Sun, 20 Nov 2016 01:54:59 -0500",1018,3,2,"1018",1,"PRE"
"Tue, 20 Nov 2018 16:12:36 -0500",1924,5,1,"1924",1,"PRE"
"Tue, 20 Nov 2018 20:18:34 -0500",1925,3,1,"1925",0,"PRE"
"Mon, 21 Nov 2016 15:21:42 -0500",1019,5,2,"1019",3,"PRE"
"Mon, 21 Nov 2016 20:29:42 -0500",990,5,1,"990",0,"PRE"
"Tue, 21 Nov 2017 11:02:55 -0500",1422,3,2,"1422",2,"PRE"
"Tue, 21 Nov 2017 22:43:39 -0500",1423,3,1,"1423",2,"PRE"
"Wed, 23 Nov 2016 23:21:55 -0500",1027,5,1,"1027",2,"PRE"
"Fri, 23 Nov 2018 12:00:36 -0500",1927,3,1,"1927",1,"PRE"
"Fri, 24 Nov 2017 12:48:16 -0500",1424,3,2,"1424",2,"PRE"
"Sat, 24 Nov 2018 19:48:33 -0500",1923,5,2,"1923",2,"PRE"
"Sat, 25 Nov 2017 22:34:50 -0500",1425,3,1,"1425",1,"PRE"
"Sun, 26 Nov 2017 17:48:13 -0500",1426,3,0,"1426",0,"PRE"
"Sun, 26 Nov 2017 20:31:39 -0500",1427,5,2,"1427",2,"PRE"
"Mon, 26 Nov 2018 06:30:51 -0500",1928,5,0,"1928",1,"PRE"
"Mon, 26 Nov 2018 22:57:07 -0500",1929,5,2,"1929",2,"PRE"
"Mon, 27 Nov 2017 09:48:27 -0500",1428,2,2,"1428",2,"PRE"
"Mon, 27 Nov 2017 19:01:52 -0500",1429,5,2,"1429",2,"PRE"
"Mon, 27 Nov 2017 20:12:37 -0500",1336,2,2,"1336",2,"PRE"
"Tue, 27 Nov 2018 15:44:05 -0500",1930,5,1,"1930",2,"PRE"
"Mon, 28 Nov 2016 01:22:44 -0500",1029,2,1,"1029",1,"PRE"
"Tue, 28 Nov 2017 08:56:19 -0500",1430,3,2,"1430",2,"PRE"
"Tue, 28 Nov 2017 11:47:03 -0500",1431,3,2,"1431",2,"PRE"
"Tue, 28 Nov 2017 16:23:43 -0500",1432,3,1,"1432",2,"PRE"
"Tue, 28 Nov 2017 19:56:28 -0500",1433,3,2,"1433",2,"PRE"
"Tue, 28 Nov 2017 20:15:18 -0500",1434,3,2,"1434",2,"PRE"
"Wed, 28 Nov 2018 04:45:18 -0500",1931,3,1,"1931",2,"PRE"
"Wed, 28 Nov 2018 11:13:34 -0500",1932,5,2,"1932",2,"PRE"
"Wed, 28 Nov 2018 17:14:04 -0500",1933,5,2,"1933",2,"PRE"
"Wed, 29 Nov 2017 10:12:17 -0500",1435,2,2,"1435",2,"PRE"
"Wed, 29 Nov 2017 10:19:21 -0500",1436,3,2,"1436",2,"PRE"
"Wed, 29 Nov 2017 13:08:25 -0500",1437,3,0,"1437",1,"PRE"
"Wed, 29 Nov 2017 16:04:23 -0500",1438,3,2,"1438",2,"PRE"
"Sat, 01 Oct 2016 13:11:15 -0500",813,5,0,"813",1,"PRE"
"Sat, 01 Oct 2016 15:03:18 -0500",814,3,1,"814",1,"PRE"
"Sat, 01 Oct 2016 19:14:10 -0500",815,5,2,"815",3,"PRE"
"Mon, 01 Oct 2018 15:52:07 -0500",1857,5,2,"1857",2,"PRE"
"Sun, 02 Oct 2016 01:51:33 -0500",816,5,0,"816",1,"PRE"
"Mon, 02 Oct 2017 09:49:04 -0500",1375,2,1,"1375",2,"PRE"
"Tue, 02 Oct 2018 12:07:54 -0500",1858,5,2,"1858",2,"PRE"
"Mon, 03 Oct 2016 16:18:48 -0500",817,2,3,"817",3,"PRE"
"Tue, 03 Oct 2017 11:33:33 -0500",1378,1,3,"1378",5,"PRE"
"Tue, 03 Oct 2017 17:38:24 -0500",1379,5,1,"1379",1,"PRE"
"Wed, 03 Oct 2018 09:14:46 -0500",1859,3,1,"1859",1,"PRE"
"Wed, 03 Oct 2018 12:01:50 -0500",1860,3,2,"1860",2,"PRE"
"Wed, 03 Oct 2018 12:18:33 -0500",1861,5,3,"1861",3,"PRE"
"Wed, 03 Oct 2018 21:21:01 -0500",1862,5,2,"1862",2,"PRE"
"Tue, 04 Oct 2016 08:50:18 -0500",818,3,2,"818",3,"PRE"
"Tue, 04 Oct 2016 15:15:12 -0500",819,5,2,"819",2,"PRE"
"Tue, 04 Oct 2016 22:20:10 -0500",820,5,5,"820",5,"PRE"
"Wed, 04 Oct 2017 10:27:18 -0500",1380,5,1,"1380",2,"PRE"
"Wed, 04 Oct 2017 17:01:50 -0500",1381,5,1,"1381",1,"PRE"
"Wed, 04 Oct 2017 18:10:29 -0500",1382,3,2,"1382",2,"PRE"
"Wed, 04 Oct 2017 18:42:47 -0500",1383,5,2,"1383",2,"PRE"
"Thu, 04 Oct 2018 13:34:24 -0500",1863,3,1,"1863",1,"PRE"
"Wed, 05 Oct 2016 00:09:18 -0500",821,5,0,"821",0,"PRE"
"Wed, 05 Oct 2016 08:55:05 -0500",822,2,2,"822",2,"PRE"
"Wed, 05 Oct 2016 12:42:53 -0500",823,5,2,"823",3,"PRE"
"Wed, 05 Oct 2016 15:10:27 -0500",824,3,2,"824",2,"PRE"
"Thu, 05 Oct 2017 18:31:49 -0500",1384,3,1,"1384",2,"PRE"
"Fri, 05 Oct 2018 00:15:52 -0500",1865,5,1,"1865",1,"PRE"
"Thu, 06 Oct 2016 12:24:34 -0500",825,5,2,"825",2,"PRE"
"Thu, 06 Oct 2016 19:18:51 -0500",826,3,2,"826",2,"PRE"
"Thu, 06 Oct 2016 22:10:19 -0500",827,5,2,"827",2,"PRE"
"Fri, 06 Oct 2017 03:11:47 -0500",1385,5,2,"1385",2,"PRE"
"Sat, 06 Oct 2018 13:40:39 -0500",1866,5,3,"1866",3,"PRE"
"Fri, 07 Oct 2016 13:33:22 -0500",829,3,2,"829",2,"PRE"
"Fri, 07 Oct 2016 20:30:55 -0500",831,5,2,"831",3,"PRE"
"Sat, 07 Oct 2017 03:16:57 -0500",1386,5,2,"1386",2,"PRE"
"Sun, 07 Oct 2018 18:24:17 -0500",1867,5,2,"1867",2,"PRE"
"Mon, 08 Oct 2018 15:53:24 -0500",1868,5,2,"1868",1,"PRE"
"Sun, 09 Oct 2016 13:54:45 -0500",830,5,2,"830",2,"PRE"
"Sun, 09 Oct 2016 15:52:36 -0500",832,3,2,"832",1,"PRE"
"Mon, 09 Oct 2017 07:23:45 -0500",1387,3,0,"1387",0,"PRE"
"Tue, 09 Oct 2018 07:38:21 -0500",1869,3,1,"1869",1,"PRE"
"Tue, 09 Oct 2018 16:02:38 -0500",1871,3,2,"1871",2,"PRE"
"Mon, 10 Oct 2016 08:17:14 -0500",833,3,2,"833",2,"PRE"
"Mon, 10 Oct 2016 11:02:47 -0500",834,2,1,"834",1,"PRE"
"Mon, 10 Oct 2016 18:25:46 -0500",835,5,2,"835",2,"PRE"
"Wed, 10 Oct 2018 11:06:05 -0500",1872,5,2,"1872",3,"PRE"
"Tue, 11 Oct 2016 12:26:24 -0500",836,5,3,"836",3,"PRE"
"Thu, 11 Oct 2018 13:15:14 -0500",1875,5,2,"1875",2,"PRE"
"Fri, 12 Oct 2018 22:34:20 -0500",1876,5,1,"1876",0,"PRE"
"Sat, 13 Oct 2018 13:04:13 -0500",1877,3,2,"1877",2,"PRE"
"Thu, 13 Oct 2016 23:19:59 -0500",839,5,3,"839",3,"PRE"
"Fri, 14 Oct 2016 07:37:08 -0500",840,5,1,"840",1,"PRE"
"Fri, 14 Oct 2016 14:57:10 -0500",841,5,1,"841",0,"PRE"
"Fri, 14 Oct 2016 17:10:39 -0500",842,3,2,"842",2,"PRE"
"Sat, 14 Oct 2017 01:52:21 -0500",1388,3,2,"1388",2,"PRE"
"Sat, 14 Oct 2017 18:28:15 -0500",1389,3,0,"1389",0,"PRE"
"Sat, 13 Oct 2018 23:09:15 -0500",1878,5,2,"1878",2,"PRE"
"Sun, 14 Oct 2018 20:29:45 -0500",1879,5,2,"1879",2,"PRE"
"Sat, 15 Oct 2016 18:23:42 -0500",844,5,2,"844",2,"PRE"
"Mon, 15 Oct 2018 06:02:42 -0500",1880,2,1,"1880",1,"PRE"
"Mon, 15 Oct 2018 15:39:00 -0500",1882,5,2,"1882",2,"PRE"
"Sun, 16 Oct 2016 01:38:04 -0500",846,5,1,"846",0,"PRE"
"Tue, 16 Oct 2018 11:50:07 -0500",1883,5,3,"1883",3,"PRE"
"Mon, 17 Oct 2016 11:58:47 -0500",849,5,1,"849",2,"PRE"
"Mon, 17 Oct 2016 18:27:02 -0500",850,5,2,"850",2,"PRE"
"Tue, 17 Oct 2017 12:56:01 -0500",1391,5,2,"1391",2,"PRE"
"Wed, 17 Oct 2018 09:24:36 -0500",1884,3,2,"1884",2,"PRE"
"Wed, 17 Oct 2018 13:24:23 -0500",1886,5,3,"1886",3,"PRE"
"Wed, 18 Oct 2017 10:11:12 -0500",1392,5,2,"1392",3,"PRE"
"Wed, 18 Oct 2017 19:33:09 -0500",1394,3,0,"1394",1,"PRE"
"Thu, 18 Oct 2018 15:33:21 -0500",1889,5,1,"1889",0,"PRE"
"Thu, 18 Oct 2018 21:03:33 -0500",1890,5,0,"1890",2,"PRE"
"Wed, 19 Oct 2016 06:14:35 -0500",851,3,3,"851",3,"PRE"
"Wed, 19 Oct 2016 07:41:17 -0500",855,5,1,"855",2,"PRE"
"Wed, 19 Oct 2016 07:44:19 -0500",853,5,2,"853",3,"PRE"
"Wed, 19 Oct 2016 07:49:17 -0500",856,5,1,"856",1,"PRE"
"Wed, 19 Oct 2016 08:41:37 -0500",859,2,0,"859",0,"PRE"
"Wed, 19 Oct 2016 08:54:05 -0500",861,5,3,"861",3,"PRE"
"Wed, 19 Oct 2016 08:58:47 -0500",862,3,1,"862",1,"PRE"
"Wed, 19 Oct 2016 09:12:55 -0500",863,5,2,"863",3,"PRE"
"Wed, 19 Oct 2016 09:24:29 -0500",864,3,1,"864",2,"PRE"
"Wed, 19 Oct 2016 09:44:06 -0500",865,3,2,"865",2,"PRE"
"Wed, 19 Oct 2016 09:50:46 -0500",866,3,3,"866",3,"PRE"
"Wed, 19 Oct 2016 11:45:25 -0500",867,5,1,"867",2,"PRE"
"Wed, 19 Oct 2016 12:37:03 -0500",868,3,2,"868",2,"PRE"
"Wed, 19 Oct 2016 12:50:21 -0500",869,3,2,"869",2,"PRE"
"Wed, 19 Oct 2016 12:52:21 -0500",870,3,1,"870",1,"PRE"
"Wed, 19 Oct 2016 13:58:28 -0500",872,3,2,"872",2,"PRE"
"Wed, 19 Oct 2016 15:39:01 -0500",874,5,1,"874",1,"PRE"
"Wed, 19 Oct 2016 17:12:09 -0500",876,5,0,"876",0,"PRE"
"Wed, 19 Oct 2016 17:12:32 -0500",877,3,2,"877",3,"PRE"
"Wed, 19 Oct 2016 17:52:24 -0500",878,5,3,"878",3,"PRE"
"Wed, 19 Oct 2016 17:52:55 -0500",879,5,5,"879",5,"PRE"
"Wed, 19 Oct 2016 17:55:49 -0500",852,5,1,"852",2,"PRE"
"Wed, 19 Oct 2016 17:59:09 -0500",880,5,3,"880",3,"PRE"
"Wed, 19 Oct 2016 18:16:31 -0500",881,5,2,"881",2,"PRE"
"Wed, 19 Oct 2016 18:25:53 -0500",882,3,3,"882",3,"PRE"
"Wed, 19 Oct 2016 19:14:09 -0500",884,5,2,"884",2,"PRE"
"Wed, 19 Oct 2016 19:19:46 -0500",885,3,3,"885",3,"PRE"
"Wed, 19 Oct 2016 20:17:14 -0500",887,3,2,"887",2,"PRE"
"Wed, 19 Oct 2016 21:09:49 -0500",889,3,2,"889",2,"PRE"
"Wed, 19 Oct 2016 22:26:51 -0500",890,5,2,"890",1,"PRE"
"Wed, 19 Oct 2016 22:50:04 -0500",891,3,1,"891",1,"PRE"
"Fri, 19 Oct 2018 13:07:00 -0500",1891,5,1,"1891",2,"PRE"
"Thu, 20 Oct 2016 07:01:36 -0500",892,3,2,"892",3,"PRE"
"Thu, 20 Oct 2016 07:03:16 -0500",893,2,2,"893",3,"PRE"
"Thu, 20 Oct 2016 07:53:22 -0500",894,5,2,"894",2,"PRE"
"Thu, 20 Oct 2016 08:13:36 -0500",896,5,2,"896",2,"PRE"
"Thu, 20 Oct 2016 08:18:08 -0500",897,5,1,"897",2,"PRE"
"Thu, 20 Oct 2016 08:32:11 -0500",898,5,2,"898",3,"PRE"
"Thu, 20 Oct 2016 08:53:25 -0500",900,5,2,"900",2,"PRE"
"Thu, 20 Oct 2016 09:15:38 -0500",903,3,2,"903",2,"PRE"
"Thu, 20 Oct 2016 09:16:09 -0500",902,5,2,"902",2,"PRE"
"Thu, 20 Oct 2016 09:45:23 -0500",904,2,2,"904",3,"PRE"
"Thu, 20 Oct 2016 10:14:27 -0500",906,3,2,"906",2,"PRE"
"Thu, 20 Oct 2016 10:39:45 -0500",908,5,3,"908",2,"PRE"
"Thu, 20 Oct 2016 10:40:32 -0500",854,3,2,"854",2,"PRE"
"Thu, 20 Oct 2016 10:59:54 -0500",910,5,2,"910",2,"PRE"
"Thu, 20 Oct 2016 11:22:14 -0500",912,5,2,"912",2,"PRE"
"Thu, 20 Oct 2016 11:22:23 -0500",911,5,2,"911",2,"PRE"
"Thu, 20 Oct 2016 11:43:42 -0500",913,5,2,"913",2,"PRE"
"Thu, 20 Oct 2016 11:56:50 -0500",914,5,2,"914",2,"PRE"
"Thu, 20 Oct 2016 13:30:14 -0500",915,3,1,"915",1,"PRE"
"Thu, 20 Oct 2016 13:56:00 -0500",875,3,1,"875",1,"PRE"
"Thu, 20 Oct 2016 14:18:45 -0500",909,5,2,"909",3,"PRE"
"Thu, 20 Oct 2016 14:45:47 -0500",916,5,2,"916",2,"PRE"
"Thu, 20 Oct 2016 16:28:54 -0500",917,3,1,"917",2,"PRE"
"Thu, 20 Oct 2016 17:05:39 -0500",918,3,1,"918",1,"PRE"
"Thu, 20 Oct 2016 19:15:11 -0500",919,5,1,"919",2,"PRE"
"Thu, 20 Oct 2016 19:48:16 -0500",920,5,3,"920",3,"PRE"
"Thu, 20 Oct 2016 20:05:34 -0500",921,5,1,"921",1,"PRE"
"Thu, 20 Oct 2016 20:23:48 -0500",888,3,2,"888",2,"PRE"
"Fri, 21 Oct 2016 08:41:25 -0500",924,3,1,"924",1,"PRE"
"Fri, 21 Oct 2016 09:05:21 -0500",899,3,2,"899",3,"PRE"
"Fri, 21 Oct 2016 12:49:49 -0500",927,5,2,"927",2,"PRE"
"Fri, 21 Oct 2016 13:30:34 -0500",901,3,2,"901",2,"PRE"
"Fri, 21 Oct 2016 19:06:56 -0500",886,2,1,"886",2,"PRE"
"Fri, 21 Oct 2016 20:01:14 -0500",929,5,2,"929",2,"PRE"
"Fri, 21 Oct 2016 20:39:50 -0500",930,5,2,"930",3,"PRE"
"Fri, 21 Oct 2016 22:06:44 -0500",931,5,2,"931",2,"PRE"
"Sat, 21 Oct 2017 21:33:13 -0500",1396,3,2,"1396",2,"PRE"
"Sun, 21 Oct 2018 17:14:53 -0500",1892,3,1,"1892",2,"PRE"
"Sat, 22 Oct 2016 07:14:24 -0500",932,3,2,"932",2,"PRE"
"Sun, 22 Oct 2017 12:15:19 -0500",1397,5,5,"1397",5,"PRE"
"Sun, 22 Oct 2017 17:34:50 -0500",1376,5,2,"1376",2,"PRE"
"Mon, 22 Oct 2018 13:13:25 -0500",1894,3,2,"1894",3,"PRE"
"Sun, 23 Oct 2016 04:27:39 -0500",933,5,1,"933",2,"PRE"
"Sun, 23 Oct 2016 04:36:42 -0500",934,5,3,"934",3,"PRE"
"Sun, 23 Oct 2016 10:23:13 -0500",935,3,1,"935",2,"PRE"
"Sun, 23 Oct 2016 14:26:38 -0500",936,5,1,"936",2,"PRE"
"Sun, 23 Oct 2016 20:31:59 -0500",937,3,1,"937",1,"PRE"
"Mon, 23 Oct 2017 16:32:46 -0500",1398,2,1,"1398",2,"PRE"
"Tue, 23 Oct 2018 21:03:23 -0500",1895,2,2,"1895",2,"PRE"
"Sun, 23 Oct 2016 23:17:19 -0500",938,3,2,"938",2,"PRE"
"Mon, 24 Oct 2016 09:39:29 -0500",939,5,1,"939",1,"PRE"
"Mon, 24 Oct 2016 19:13:18 -0500",942,3,2,"942",2,"PRE"
"Mon, 24 Oct 2016 20:55:36 -0500",943,5,3,"943",5,"PRE"
"Tue, 25 Oct 2016 09:15:30 -0500",941,5,1,"941",1,"PRE"
"Tue, 25 Oct 2016 13:36:17 -0500",946,5,1,"946",2,"PRE"
"Tue, 25 Oct 2016 14:18:02 -0500",947,3,1,"947",2,"PRE"
"Tue, 25 Oct 2016 15:53:07 -0500",948,5,2,"948",2,"PRE"
"Tue, 25 Oct 2016 17:07:17 -0500",945,5,2,"945",1,"PRE"
"Tue, 25 Oct 2016 20:52:19 -0500",944,5,2,"944",2,"PRE"
"Wed, 25 Oct 2017 20:05:32 -0500",1399,5,2,"1399",2,"PRE"
"Thu, 25 Oct 2018 11:05:07 -0500",1896,3,2,"1896",2,"PRE"
"Thu, 25 Oct 2018 15:55:47 -0500",1897,3,2,"1897",2,"PRE"
"Wed, 26 Oct 2016 11:53:21 -0500",950,3,2,"950",2,"PRE"
"Wed, 26 Oct 2016 14:59:49 -0500",951,5,1,"951",1,"PRE"
"Wed, 26 Oct 2016 15:00:58 -0500",952,5,1,"952",2,"PRE"
"Wed, 26 Oct 2016 15:06:48 -0500",953,5,0,"953",0,"PRE"
"Thu, 26 Oct 2017 15:19:55 -0500",1400,1,2,"1400",2,"PRE"
"Fri, 26 Oct 2018 22:31:44 -0500",1901,5,3,"1901",3,"PRE"
"Thu, 27 Oct 2016 10:34:17 -0500",954,3,2,"954",2,"PRE"
"Thu, 27 Oct 2016 11:17:53 -0500",955,3,2,"955",2,"PRE"
"Thu, 27 Oct 2016 18:34:28 -0500",956,3,1,"956",1,"PRE"
"Thu, 27 Oct 2016 21:05:14 -0500",957,1,2,"957",2,"PRE"
"Fri, 27 Oct 2017 11:20:10 -0500",1401,3,3,"1401",3,"PRE"
"Sat, 27 Oct 2018 09:54:08 -0500",1902,3,2,"1902",2,"PRE"
"Fri, 28 Oct 2016 08:55:30 -0500",958,5,2,"958",2,"PRE"
"Fri, 28 Oct 2016 11:39:56 -0500",959,3,2,"959",2,"PRE"
"Fri, 28 Oct 2016 13:46:14 -0500",960,5,2,"960",2,"PRE"
"Fri, 28 Oct 2016 21:00:54 -0500",961,3,2,"961",1,"PRE"
"Fri, 28 Oct 2016 21:55:04 -0500",962,5,0,"962",1,"PRE"
"Sat, 28 Oct 2017 14:33:40 -0500",1402,5,2,"1402",2,"PRE"
"Sat, 29 Oct 2016 19:39:05 -0500",965,3,3,"965",5,"PRE"
"Sat, 29 Oct 2016 20:42:54 -0500",966,3,2,"966",2,"PRE"
"Sun, 29 Oct 2017 11:54:26 -0500",1403,5,1,"1403",1,"PRE"
"Sun, 30 Oct 2016 15:11:29 -0500",967,5,1,"967",1,"PRE"
"Sun, 30 Oct 2016 23:55:17 -0500",968,2,1,"968",2,"PRE"
"Wed, 31 Oct 2018 07:31:41 -0500",1903,3,2,"1903",2,"PRE"
"Thu, 01 Sep 2016 09:52:37 -0500",608,3,2,"608",2,"PRE"
"Thu, 01 Sep 2016 10:28:43 -0500",609,5,1,"609",1,"PRE"
"Fri, 02 Sep 2016 15:08:37 -0500",611,5,2,"611",2,"PRE"
"Sat, 02 Sep 2017 19:32:48 -0500",1334,5,2,"1334",3,"PRE"
"Sun, 02 Sep 2018 10:37:07 -0500",1801,5,2,"1801",3,"PRE"
"Sun, 02 Sep 2018 19:35:33 -0500",1802,3,1,"1802",1,"PRE"
"Fri, 02 Sep 2016 22:55:39 -0500",612,3,1,"612",1,"PRE"
"Sun, 03 Sep 2017 14:32:13 -0500",1335,3,1,"1335",1,"PRE"
"Mon, 03 Sep 2018 11:20:07 -0500",1803,5,1,"1803",1,"PRE"
"Tue, 04 Sep 2018 01:29:30 -0500",1804,5,1,"1804",2,"PRE"
"Mon, 05 Sep 2016 11:03:08 -0500",613,5,3,"613",3,"PRE"
"Wed, 05 Sep 2018 07:08:31 -0500",1806,5,3,"1806",3,"PRE"
"Wed, 05 Sep 2018 13:16:18 -0500",1807,3,2,"1807",2,"PRE"
"Wed, 05 Sep 2018 22:02:09 -0500",1808,5,2,"1808",2,"PRE"
"Tue, 06 Sep 2016 16:59:13 -0500",615,5,3,"615",3,"PRE"
"Tue, 06 Sep 2016 19:03:00 -0500",616,5,2,"616",2,"PRE"
"Thu, 06 Sep 2018 15:19:58 -0500",1809,5,2,"1809",1,"PRE"
"Wed, 07 Sep 2016 20:23:12 -0500",617,3,3,"617",3,"PRE"
"Thu, 07 Sep 2017 01:18:20 -0500",1337,5,2,"1337",2,"PRE"
"Fri, 07 Sep 2018 10:32:43 -0500",1810,5,3,"1810",2,"PRE"
"Thu, 08 Sep 2016 00:58:10 -0500",618,3,2,"618",2,"PRE"
"Thu, 08 Sep 2016 12:38:30 -0500",619,5,1,"619",1,"PRE"
"Thu, 08 Sep 2016 17:08:27 -0500",620,5,2,"620",2,"PRE"
"Thu, 08 Sep 2016 18:11:27 -0500",621,2,2,"621",2,"PRE"
"Fri, 08 Sep 2017 04:10:35 -0500",1339,5,0,"1339",0,"PRE"
"Fri, 08 Sep 2017 14:08:09 -0500",1340,5,2,"1340",2,"PRE"
"Sat, 08 Sep 2018 22:36:39 -0500",1812,5,2,"1812",2,"PRE"
"Thu, 08 Sep 2016 23:18:29 -0500",622,3,1,"622",2,"PRE"
"Sat, 10 Sep 2016 14:58:19 -0500",623,3,3,"623",3,"PRE"
"Mon, 10 Sep 2018 17:44:12 -0500",1816,5,3,"1816",3,"PRE"
"Mon, 10 Sep 2018 20:01:21 -0500",1814,5,3,"1814",3,"PRE"
"Sun, 10 Sep 2017 23:27:36 -0500",1342,3,2,"1342",2,"PRE"
"Tue, 11 Sep 2018 19:12:28 -0500",1820,3,1,"1820",1,"PRE"
"Tue, 11 Sep 2018 20:20:13 -0500",1821,5,2,"1821",3,"PRE"
"Tue, 12 Sep 2017 07:41:47 -0500",1346,5,3,"1346",3,"PRE"
"Tue, 12 Sep 2017 09:58:33 -0500",1347,3,1,"1347",1,"PRE"
"Thu, 13 Sep 2018 15:28:37 -0500",1822,3,3,"1822",5,"PRE"
"Thu, 13 Sep 2018 18:46:16 -0500",1823,5,3,"1823",5,"PRE"
"Wed, 14 Sep 2016 11:34:54 -0500",625,5,1,"625",1,"PRE"
"Wed, 14 Sep 2016 12:03:02 -0500",626,5,2,"626",2,"PRE"
"Wed, 14 Sep 2016 16:43:18 -0500",627,5,2,"627",3,"PRE"
"Thu, 14 Sep 2017 20:49:42 -0500",1348,5,2,"1348",2,"PRE"
"Fri, 14 Sep 2018 09:04:05 -0500",1824,5,1,"1824",2,"PRE"
"Fri, 14 Sep 2018 12:05:55 -0500",1825,5,2,"1825",2,"PRE"
"Fri, 14 Sep 2018 12:30:20 -0500",1826,2,2,"1826",2,"PRE"
"Fri, 14 Sep 2018 15:11:40 -0500",1827,3,2,"1827",2,"PRE"
"Fri, 14 Sep 2018 20:15:29 -0500",1828,3,1,"1828",1,"PRE"
"Thu, 15 Sep 2016 03:47:56 -0500",628,5,2,"628",5,"PRE"
"Thu, 15 Sep 2016 15:30:54 -0500",630,3,2,"630",3,"PRE"
"Thu, 15 Sep 2016 19:16:52 -0500",631,3,2,"631",2,"PRE"
"Thu, 15 Sep 2016 19:39:39 -0500",632,5,1,"632",2,"PRE"
"Fri, 15 Sep 2017 10:19:39 -0500",1349,2,2,"1349",2,"PRE"
"Sat, 15 Sep 2018 13:07:10 -0500",1829,3,2,"1829",3,"PRE"
"Fri, 16 Sep 2016 00:07:46 -0500",633,3,1,"633",1,"PRE"
"Fri, 16 Sep 2016 04:32:20 -0500",634,3,1,"634",2,"PRE"
"Fri, 16 Sep 2016 06:02:34 -0500",636,5,2,"636",3,"PRE"
"Fri, 16 Sep 2016 06:05:03 -0500",637,5,2,"637",2,"PRE"
"Fri, 16 Sep 2016 06:53:41 -0500",639,5,2,"639",2,"PRE"
"Fri, 16 Sep 2016 06:54:24 -0500",641,5,2,"641",2,"PRE"
"Fri, 16 Sep 2016 06:54:33 -0500",640,5,2,"640",2,"PRE"
"Fri, 16 Sep 2016 06:57:13 -0500",638,5,2,"638",2,"PRE"
"Fri, 16 Sep 2016 07:05:40 -0500",642,5,1,"642",1,"PRE"
"Fri, 16 Sep 2016 07:24:17 -0500",643,3,2,"643",3,"PRE"
"Fri, 16 Sep 2016 07:33:55 -0500",644,5,2,"644",2,"PRE"
"Fri, 16 Sep 2016 07:37:20 -0500",645,3,2,"645",3,"PRE"
"Fri, 16 Sep 2016 07:44:37 -0500",646,3,2,"646",2,"PRE"
"Fri, 16 Sep 2016 08:10:23 -0500",647,3,2,"647",2,"PRE"
"Fri, 16 Sep 2016 08:14:11 -0500",648,5,2,"648",2,"PRE"
"Fri, 16 Sep 2016 08:35:26 -0500",649,5,2,"649",3,"PRE"
"Fri, 16 Sep 2016 08:41:00 -0500",650,3,2,"650",2,"PRE"
"Fri, 16 Sep 2016 09:03:51 -0500",652,3,1,"652",1,"PRE"
"Fri, 16 Sep 2016 09:15:24 -0500",654,5,2,"654",2,"PRE"
"Fri, 16 Sep 2016 09:18:05 -0500",653,3,2,"653",2,"PRE"
"Fri, 16 Sep 2016 09:21:16 -0500",655,5,2,"655",3,"PRE"
"Fri, 16 Sep 2016 09:22:07 -0500",656,5,2,"656",2,"PRE"
"Fri, 16 Sep 2016 09:31:16 -0500",657,5,2,"657",3,"PRE"
"Fri, 16 Sep 2016 09:38:50 -0500",658,5,2,"658",2,"PRE"
"Fri, 16 Sep 2016 09:40:04 -0500",659,3,1,"659",1,"PRE"
"Fri, 16 Sep 2016 09:48:11 -0500",660,5,3,"660",2,"PRE"
"Fri, 16 Sep 2016 10:05:23 -0500",661,5,1,"661",1,"PRE"
"Fri, 16 Sep 2016 10:07:43 -0500",662,3,1,"662",1,"PRE"
"Fri, 16 Sep 2016 10:16:04 -0500",663,3,2,"663",2,"PRE"
"Fri, 16 Sep 2016 10:25:00 -0500",664,5,1,"664",0,"PRE"
"Fri, 16 Sep 2016 10:46:43 -0500",665,3,2,"665",2,"PRE"
"Fri, 16 Sep 2016 10:50:33 -0500",666,5,2,"666",2,"PRE"
"Fri, 16 Sep 2016 11:21:03 -0500",668,5,1,"668",2,"PRE"
"Fri, 16 Sep 2016 11:25:26 -0500",667,5,2,"667",2,"PRE"
"Fri, 16 Sep 2016 11:27:23 -0500",669,2,2,"669",2,"PRE"
"Fri, 16 Sep 2016 11:30:18 -0500",670,3,1,"670",1,"PRE"
"Fri, 16 Sep 2016 11:52:10 -0500",671,3,1,"671",2,"PRE"
"Fri, 16 Sep 2016 12:40:08 -0500",673,5,1,"673",2,"PRE"
"Fri, 16 Sep 2016 12:42:06 -0500",674,3,2,"674",2,"PRE"
"Fri, 16 Sep 2016 13:12:53 -0500",675,5,2,"675",3,"PRE"
"Fri, 16 Sep 2016 13:21:12 -0500",676,5,2,"676",3,"PRE"
"Fri, 16 Sep 2016 13:26:45 -0500",677,5,1,"677",1,"PRE"
"Fri, 16 Sep 2016 13:31:49 -0500",679,3,5,"679",5,"PRE"
"Fri, 16 Sep 2016 13:32:52 -0500",680,5,2,"680",2,"PRE"
"Fri, 16 Sep 2016 13:34:33 -0500",682,3,2,"682",2,"PRE"
"Fri, 16 Sep 2016 13:34:49 -0500",681,5,2,"681",2,"PRE"
"Fri, 16 Sep 2016 14:01:17 -0500",683,5,1,"683",2,"PRE"
"Fri, 16 Sep 2016 14:16:06 -0500",684,3,1,"684",1,"PRE"
"Fri, 16 Sep 2016 14:51:08 -0500",678,5,1,"678",1,"PRE"
"Fri, 16 Sep 2016 14:54:10 -0500",685,3,1,"685",2,"PRE"
"Fri, 16 Sep 2016 15:04:41 -0500",651,3,1,"651",1,"PRE"
"Fri, 16 Sep 2016 16:48:17 -0500",686,5,3,"686",3,"PRE"
"Fri, 16 Sep 2016 17:10:32 -0500",687,3,1,"687",1,"PRE"
"Fri, 16 Sep 2016 17:16:29 -0500",688,3,3,"688",3,"PRE"
"Fri, 16 Sep 2016 17:30:29 -0500",689,5,2,"689",1,"PRE"
"Fri, 16 Sep 2016 18:01:05 -0500",690,2,2,"690",1,"PRE"
"Fri, 16 Sep 2016 18:26:18 -0500",691,5,2,"691",1,"PRE"
"Fri, 16 Sep 2016 18:43:50 -0500",692,5,1,"692",1,"PRE"
"Fri, 16 Sep 2016 18:58:37 -0500",693,5,1,"693",2,"PRE"
"Fri, 16 Sep 2016 19:08:55 -0500",695,5,2,"695",2,"PRE"
"Fri, 16 Sep 2016 20:07:47 -0500",696,3,2,"696",2,"PRE"
"Fri, 16 Sep 2016 20:26:42 -0500",694,3,2,"694",2,"PRE"
"Sun, 16 Sep 2018 08:41:37 -0500",1830,5,2,"1830",2,"PRE"
"Sun, 16 Sep 2018 15:01:14 -0500",1833,5,1,"1833",1,"PRE"
"Fri, 16 Sep 2016 23:09:15 -0500",701,3,2,"701",2,"PRE"
"Fri, 16 Sep 2016 23:13:37 -0500",702,5,2,"702",3,"PRE"
"Sat, 17 Sep 2016 00:36:34 -0500",703,5,1,"703",1,"PRE"
"Sat, 17 Sep 2016 00:59:58 -0500",704,2,2,"704",1,"PRE"
"Sat, 17 Sep 2016 06:07:39 -0500",706,5,2,"706",2,"PRE"
"Sat, 17 Sep 2016 08:40:08 -0500",705,3,2,"705",2,"PRE"
"Sat, 17 Sep 2016 09:05:35 -0500",707,5,2,"707",2,"PRE"
"Sat, 17 Sep 2016 09:52:51 -0500",708,3,1,"708",1,"PRE"
"Sat, 17 Sep 2016 10:52:19 -0500",709,5,2,"709",2,"PRE"
"Sat, 17 Sep 2016 11:42:41 -0500",710,3,2,"710",2,"PRE"
"Sat, 17 Sep 2016 11:43:23 -0500",711,5,2,"711",2,"PRE"
"Sat, 17 Sep 2016 12:00:50 -0500",712,3,2,"712",2,"PRE"
"Sat, 17 Sep 2016 12:55:26 -0500",713,1,1,"713",2,"PRE"
"Sat, 17 Sep 2016 14:44:23 -0500",714,5,2,"714",2,"PRE"
"Sat, 17 Sep 2016 15:14:48 -0500",715,5,1,"715",1,"PRE"
"Sat, 17 Sep 2016 15:21:13 -0500",716,5,2,"716",3,"PRE"
"Sat, 17 Sep 2016 15:44:11 -0500",717,3,2,"717",2,"PRE"
"Sat, 17 Sep 2016 18:33:16 -0500",719,5,2,"719",2,"PRE"
"Sat, 17 Sep 2016 21:07:26 -0500",720,3,0,"720",0,"PRE"
"Sat, 17 Sep 2016 21:23:35 -0500",721,3,1,"721",2,"PRE"
"Sat, 17 Sep 2016 22:28:08 -0500",722,5,2,"722",2,"PRE"
"Sun, 17 Sep 2017 05:16:53 -0500",1351,5,2,"1351",2,"PRE"
"Sun, 17 Sep 2017 06:45:59 -0500",1352,5,1,"1352",1,"PRE"
"Mon, 17 Sep 2018 03:03:17 -0500",1835,5,1,"1835",2,"PRE"
"Mon, 17 Sep 2018 11:47:48 -0500",1838,5,2,"1838",2,"PRE"
"Mon, 17 Sep 2018 14:22:11 -0500",1839,3,2,"1839",2,"PRE"
"Sun, 18 Sep 2016 00:30:34 -0500",723,3,2,"723",2,"PRE"
"Sun, 18 Sep 2016 02:35:53 -0500",724,3,2,"724",3,"PRE"
"Sun, 18 Sep 2016 11:43:30 -0500",726,3,2,"726",2,"PRE"
"Sun, 18 Sep 2016 12:37:59 -0500",728,1,2,"728",2,"PRE"
"Sun, 18 Sep 2016 12:51:47 -0500",727,3,0,"727",0,"PRE"
"Sun, 18 Sep 2016 13:37:51 -0500",730,3,2,"730",2,"PRE"
"Sun, 18 Sep 2016 13:52:52 -0500",729,3,1,"729",2,"PRE"
"Sun, 18 Sep 2016 14:41:55 -0500",731,3,1,"731",2,"PRE"
"Sun, 18 Sep 2016 17:17:44 -0500",732,5,2,"732",2,"PRE"
"Sun, 18 Sep 2016 20:00:46 -0500",734,5,5,"734",5,"PRE"
"Sun, 18 Sep 2016 21:13:40 -0500",735,3,2,"735",3,"PRE"
"Sun, 18 Sep 2016 22:01:32 -0500",736,2,2,"736",2,"PRE"
"Tue, 18 Sep 2018 13:25:13 -0500",1840,5,2,"1840",2,"PRE"
"Mon, 19 Sep 2016 06:24:56 -0500",738,3,1,"738",1,"PRE"
"Mon, 19 Sep 2016 08:20:04 -0500",739,5,2,"739",3,"PRE"
"Mon, 19 Sep 2016 08:43:32 -0500",740,5,1,"740",1,"PRE"
"Mon, 19 Sep 2016 08:44:25 -0500",741,2,3,"741",2,"PRE"
"Mon, 19 Sep 2016 09:10:29 -0500",742,3,2,"742",2,"PRE"
"Mon, 19 Sep 2016 09:39:50 -0500",743,2,2,"743",1,"PRE"
"Mon, 19 Sep 2016 10:18:41 -0500",745,5,1,"745",1,"PRE"
"Mon, 19 Sep 2016 10:25:19 -0500",746,5,1,"746",1,"PRE"
"Mon, 19 Sep 2016 11:06:41 -0500",748,5,3,"748",3,"PRE"
"Mon, 19 Sep 2016 11:44:23 -0500",749,3,3,"749",5,"PRE"
"Mon, 19 Sep 2016 11:58:02 -0500",750,5,3,"750",3,"PRE"
"Mon, 19 Sep 2016 12:24:15 -0500",751,5,2,"751",2,"PRE"
"Mon, 19 Sep 2016 12:34:02 -0500",752,5,2,"752",2,"PRE"
"Mon, 19 Sep 2016 15:16:11 -0500",733,5,1,"733",1,"PRE"
"Mon, 19 Sep 2016 16:18:31 -0500",755,3,1,"755",1,"PRE"
"Mon, 19 Sep 2016 16:20:03 -0500",754,5,1,"754",1,"PRE"
"Mon, 19 Sep 2016 19:46:37 -0500",757,3,2,"757",2,"PRE"
"Mon, 19 Sep 2016 20:33:34 -0500",758,5,1,"758",1,"PRE"
"Mon, 19 Sep 2016 21:20:51 -0500",759,2,2,"759",2,"PRE"
"Mon, 19 Sep 2016 22:15:41 -0500",760,3,2,"760",2,"PRE"
"Mon, 19 Sep 2016 22:54:18 -0500",761,3,3,"761",2,"PRE"
"Tue, 19 Sep 2017 06:31:06 -0500",1353,3,1,"1353",1,"PRE"
"Tue, 19 Sep 2017 12:34:26 -0500",1354,5,2,"1354",2,"PRE"
"Tue, 19 Sep 2017 13:13:35 -0500",1355,3,1,"1355",2,"PRE"
"Tue, 19 Sep 2017 22:38:52 -0500",1356,5,2,"1356",2,"PRE"
"Wed, 19 Sep 2018 06:37:37 -0500",1841,5,1,"1841",1,"PRE"
"Tue, 20 Sep 2016 12:35:03 -0500",763,3,1,"763",2,"PRE"
"Tue, 20 Sep 2016 14:18:55 -0500",764,5,1,"764",1,"PRE"
"Tue, 20 Sep 2016 14:31:56 -0500",725,5,5,"725",5,"PRE"
"Tue, 20 Sep 2016 14:32:21 -0500",756,5,2,"756",2,"PRE"
"Tue, 20 Sep 2016 17:28:16 -0500",762,3,1,"762",1,"PRE"
"Tue, 20 Sep 2016 20:20:55 -0500",765,3,0,"765",1,"PRE"
"Thu, 20 Sep 2018 11:54:39 -0500",1842,5,2,"1842",2,"PRE"
"Thu, 20 Sep 2018 12:06:56 -0500",1844,5,1,"1844",1,"PRE"
"Wed, 21 Sep 2016 10:36:48 -0500",747,3,2,"747",2,"PRE"
"Wed, 21 Sep 2016 13:15:24 -0500",768,5,3,"768",3,"PRE"
"Wed, 21 Sep 2016 16:53:58 -0500",769,3,2,"769",2,"PRE"
"Fri, 21 Sep 2018 18:14:35 -0500",1847,3,1,"1847",2,"PRE"
"Thu, 22 Sep 2016 08:16:04 -0500",770,3,2,"770",3,"PRE"
"Thu, 22 Sep 2016 09:26:52 -0500",771,3,3,"771",3,"PRE"
"Thu, 22 Sep 2016 11:07:55 -0500",773,5,1,"773",1,"PRE"
"Thu, 22 Sep 2016 15:33:58 -0500",772,3,2,"772",2,"PRE"
"Thu, 22 Sep 2016 18:10:45 -0500",774,3,2,"774",3,"PRE"
"Thu, 22 Sep 2016 22:54:07 -0500",776,5,2,"776",3,"PRE"
"Fri, 22 Sep 2017 10:41:05 -0500",1344,1,2,"1344",2,"PRE"
"Fri, 22 Sep 2017 11:27:42 -0500",1357,5,0,"1357",1,"PRE"
"Sat, 22 Sep 2018 11:50:44 -0500",1848,1,1,"1848",2,"PRE"
"Thu, 22 Sep 2016 23:29:36 -0500",777,3,2,"777",3,"PRE"
"Fri, 23 Sep 2016 09:11:18 -0500",778,5,5,"778",5,"PRE"
"Fri, 23 Sep 2016 10:52:13 -0500",779,3,3,"779",2,"PRE"
"Fri, 23 Sep 2016 13:22:50 -0500",781,2,1,"781",1,"PRE"
"Fri, 23 Sep 2016 14:40:13 -0500",782,5,2,"782",2,"PRE"
"Fri, 23 Sep 2016 22:16:03 -0500",785,5,2,"785",5,"PRE"
"Sat, 23 Sep 2017 06:26:28 -0500",1358,5,0,"1358",0,"PRE"
"Sat, 23 Sep 2017 21:26:31 -0500",1359,3,2,"1359",3,"PRE"
"Sun, 23 Sep 2018 14:39:03 -0500",1849,3,2,"1849",2,"PRE"
"Sat, 24 Sep 2016 07:11:25 -0500",780,5,3,"780",2,"PRE"
"Sat, 24 Sep 2016 16:34:40 -0500",787,5,1,"787",1,"PRE"
"Sat, 23 Sep 2017 23:40:45 -0500",1360,5,3,"1360",3,"PRE"
"Sun, 24 Sep 2017 15:51:11 -0500",1361,5,2,"1361",2,"PRE"
"Sun, 24 Sep 2017 19:16:37 -0500",1362,5,1,"1362",2,"PRE"
"Mon, 24 Sep 2018 14:13:19 -0500",1850,3,1,"1850",2,"PRE"
"Sun, 25 Sep 2016 07:21:10 -0500",788,5,2,"788",2,"PRE"
"Sun, 25 Sep 2016 09:39:03 -0500",789,3,3,"789",5,"PRE"
"Sun, 25 Sep 2016 10:51:14 -0500",790,5,1,"790",2,"PRE"
"Sun, 25 Sep 2016 11:05:24 -0500",791,5,1,"791",1,"PRE"
"Sun, 25 Sep 2016 13:53:30 -0500",792,3,2,"792",2,"PRE"
"Sun, 25 Sep 2016 19:01:13 -0500",793,3,1,"793",1,"PRE"
"Sun, 25 Sep 2016 19:18:58 -0500",795,5,2,"795",2,"PRE"
"Mon, 25 Sep 2017 19:37:08 -0500",1363,5,1,"1363",1,"PRE"
"Mon, 26 Sep 2016 04:17:50 -0500",796,5,2,"796",2,"PRE"
"Mon, 26 Sep 2016 12:28:15 -0500",786,3,2,"786",2,"PRE"
"Mon, 26 Sep 2016 13:46:57 -0500",798,5,2,"798",2,"PRE"
"Mon, 26 Sep 2016 14:43:32 -0500",799,3,1,"799",1,"PRE"
"Mon, 26 Sep 2016 18:06:58 -0500",800,2,2,"800",1,"PRE"
"Mon, 25 Sep 2017 23:37:30 -0500",1365,5,2,"1365",2,"PRE"
"Mon, 25 Sep 2017 23:44:36 -0500",1364,3,1,"1364",2,"PRE"
"Tue, 26 Sep 2017 09:03:22 -0500",1366,2,1,"1366",2,"PRE"
"Tue, 26 Sep 2017 15:26:53 -0500",1367,3,2,"1367",2,"PRE"
"Tue, 26 Sep 2017 16:26:23 -0500",1368,5,3,"1368",2,"PRE"
"Tue, 26 Sep 2017 21:07:44 -0500",1370,3,2,"1370",2,"PRE"
"Tue, 25 Sep 2018 23:32:32 -0500",1851,5,2,"1851",2,"PRE"
"Wed, 26 Sep 2018 11:08:17 -0500",1852,5,1,"1852",1,"PRE"
"Wed, 26 Sep 2018 17:47:41 -0500",1853,5,1,"1853",1,"PRE"
"Tue, 27 Sep 2016 00:01:22 -0500",801,3,2,"801",2,"PRE"
"Tue, 27 Sep 2016 02:47:06 -0500",802,5,2,"802",2,"PRE"
"Tue, 27 Sep 2016 11:50:25 -0500",803,3,2,"803",2,"PRE"
"Tue, 27 Sep 2016 12:24:58 -0500",804,3,1,"804",1,"PRE"
"Tue, 27 Sep 2016 14:19:51 -0500",805,2,1,"805",1,"PRE"
"Tue, 27 Sep 2016 14:30:07 -0500",806,5,0,"806",1,"PRE"
"Wed, 27 Sep 2017 14:20:48 -0500",1371,2,2,"1371",2,"PRE"
"Thu, 27 Sep 2018 21:39:49 -0500",1854,3,2,"1854",2,"PRE"
"Tue, 27 Sep 2016 22:57:51 -0500",808,3,1,"808",2,"PRE"
"Wed, 28 Sep 2016 11:49:57 -0500",766,5,2,"766",2,"PRE"
"Wed, 28 Sep 2016 13:06:13 -0500",809,5,1,"809",2,"PRE"
"Thu, 28 Sep 2017 17:05:21 -0500",1373,3,1,"1373",2,"PRE"
"Thu, 29 Sep 2016 11:24:42 -0500",810,5,2,"810",2,"PRE"
"Thu, 29 Sep 2016 15:44:33 -0500",811,5,2,"811",2,"PRE"
"Thu, 29 Sep 2016 17:38:49 -0500",812,5,1,"812",1,"PRE"
"Fri, 29 Sep 2017 03:50:27 -0500",1374,3,1,"1374",2,"PRE"
"Sat, 29 Sep 2018 09:22:39 -0500",1855,5,1,"1855",2,"PRE"
"Sat, 29 Sep 2018 15:30:11 -0500",1856,5,2,"1856",2,"PRE"
